imageid,label
1,6
2,7
3,0
4,9
5,1
6,7
7,3
8,9
9,3
10,4
11,1
12,8
13,7
14,0
15,8
16,7
17,0
18,5
19,7
20,5
21,6
22,3
23,6
24,8
25,4
26,9
27,3
28,2
29,8
30,9
31,9
32,5
33,6
34,0
35,8
36,3
37,5
38,3
39,8
40,4
41,2
42,5
43,1
44,0
45,0
46,7
47,7
48,2
49,1
50,8
51,8
52,3
53,9
54,5
55,3
56,3
57,9
58,3
59,7
60,9
61,6
62,8
63,3
64,4
65,2
66,7
67,3
68,5
69,1
70,3
71,0
72,5
73,1
74,9
75,6
76,5
77,8
78,6
79,8
80,4
81,6
82,6
83,0
84,8
85,1
86,8
87,6
88,1
89,2
90,3
91,7
92,3
93,3
94,5
95,4
96,7
97,2
98,3
99,2
100,4
101,1
102,6
103,0
104,1
105,8
106,1
107,7
108,4
109,1
110,1
111,2
112,9
113,3
114,0
115,1
116,7
117,3
118,3
119,8
120,2
121,9
122,3
123,0
124,5
125,5
126,8
127,7
128,3
129,8
130,5
131,7
132,1
133,3
134,0
135,8
136,0
137,2
138,1
139,4
140,6
141,8
142,8
143,1
144,6
145,9
146,7
147,7
148,8
149,6
150,2
151,0
152,4
153,8
154,7
155,9
156,3
157,2
158,3
159,5
160,9
161,1
162,2
163,1
164,9
165,3
166,6
167,3
168,5
169,5
170,1
171,8
172,3
173,4
174,7
175,0
176,2
177,8
178,0
179,9
180,3
181,5
182,3
183,5
184,4
185,5
186,1
187,1
188,6
189,6
190,8
191,2
192,7
193,8
194,6
195,4
196,5
197,8
198,4
199,8
200,4
201,3
202,0
203,9
204,5
205,8
206,5
207,2
208,0
209,7
210,8
211,3
212,7
213,1
214,6
215,6
216,6
217,8
218,2
219,0
220,9
221,5
222,0
223,7
224,3
225,3
226,3
227,1
228,4
229,8
230,6
231,2
232,9
233,3
234,7
235,2
236,8
237,0
238,6
239,9
240,1
241,6
242,3
243,1
244,4
245,5
246,3
247,5
248,0
249,3
250,3
251,1
252,7
253,7
254,2
255,2
256,3
257,2
258,0
259,3
260,4
261,1
262,1
263,9
264,4
265,1
266,5
267,8
268,2
269,6
270,2
271,1
272,5
273,9
274,3
275,6
276,1
277,3
278,6
279,4
280,1
281,7
282,9
283,3
284,4
285,9
286,7
287,5
288,4
289,0
290,5
291,7
292,1
293,5
294,2
295,3
296,9
297,4
298,5
299,6
300,8
301,4
302,6
303,9
304,0
305,1
306,7
307,3
308,1
309,2
310,6
311,6
312,3
313,7
314,1
315,5
316,7
317,9
318,7
319,9
320,0
321,0
322,1
323,8
324,1
325,6
326,1
327,4
328,0
329,5
330,7
331,6
332,1
333,2
334,7
335,8
336,6
337,9
338,0
339,9
340,1
341,3
342,6
343,3
344,9
345,1
346,7
347,4
348,2
349,3
350,2
351,3
352,2
353,4
354,6
355,9
356,3
357,6
358,6
359,2
360,3
361,4
362,6
363,3
364,5
365,7
366,0
367,1
368,4
369,5
370,2
371,1
372,6
373,8
374,0
375,1
376,3
377,3
378,9
379,3
380,0
381,9
382,0
383,2
384,1
385,1
386,0
387,7
388,3
389,4
390,9
391,1
392,4
393,9
394,1
395,6
396,7
397,3
398,6
399,4
400,9
401,7
402,3
403,3
404,1
405,1
406,5
407,5
408,0
409,9
410,1
411,4
412,7
413,8
414,3
415,0
416,9
417,4
418,3
419,3
420,5
421,9
422,1
423,4
424,0
425,1
426,7
427,9
428,7
429,3
430,1
431,0
432,0
433,7
434,9
435,9
436,6
437,5
438,3
439,7
440,8
441,4
442,1
443,6
444,4
445,9
446,6
447,6
448,2
449,1
450,5
451,2
452,5
453,7
454,3
455,3
456,8
457,1
458,4
459,5
460,5
461,7
462,8
463,7
464,9
465,8
466,4
467,2
468,4
469,3
470,3
471,3
472,2
473,4
474,0
475,5
476,7
477,1
478,4
479,5
480,7
481,8
482,7
483,9
484,8
485,5
486,0
487,3
488,6
489,3
490,7
491,2
492,3
493,0
494,2
495,4
496,7
497,7
498,1
499,5
500,7
501,2
502,6
503,6
504,2
505,5
506,2
507,7
508,8
509,3
510,9
511,0
512,1
513,9
514,8
515,5
516,2
517,2
518,7
519,8
520,3
521,1
522,0
523,5
524,0
525,0
526,6
527,2
528,4
529,5
530,0
531,0
532,1
533,8
534,7
535,7
536,6
537,6
538,1
539,9
540,6
541,5
542,9
543,7
544,0
545,0
546,9
547,7
548,6
549,5
550,0
551,2
552,0
553,3
554,9
555,5
556,7
557,8
558,3
559,1
560,7
561,2
562,6
563,6
564,1
565,0
566,1
567,2
568,2
569,4
570,8
571,2
572,0
573,6
574,1
575,5
576,2
577,5
578,0
579,9
580,2
581,9
582,8
583,1
584,1
585,0
586,0
587,8
588,8
589,5
590,7
591,1
592,3
593,8
594,2
595,0
596,9
597,4
598,1
599,6
600,1
601,1
602,0
603,4
604,2
605,4
606,6
607,6
608,6
609,0
610,7
611,0
612,0
613,0
614,3
615,6
616,1
617,2
618,2
619,8
620,7
621,7
622,0
623,2
624,3
625,2
626,2
627,9
628,8
629,8
630,9
631,5
632,1
633,8
634,7
635,1
636,0
637,0
638,0
639,7
640,2
641,9
642,0
643,8
644,7
645,8
646,3
647,3
648,7
649,8
650,5
651,9
652,4
653,8
654,3
655,9
656,1
657,0
658,4
659,3
660,5
661,8
662,1
663,4
664,5
665,3
666,8
667,2
668,7
669,0
670,6
671,4
672,3
673,3
674,7
675,6
676,0
677,3
678,3
679,7
680,0
681,6
682,3
683,0
684,9
685,9
686,3
687,5
688,1
689,7
690,2
691,4
692,9
693,1
694,1
695,0
696,2
697,3
698,2
699,2
700,0
701,1
702,1
703,1
704,7
705,9
706,1
707,0
708,3
709,1
710,1
711,3
712,2
713,0
714,1
715,5
716,1
717,1
718,2
719,4
720,9
721,6
722,8
723,0
724,7
725,7
726,0
727,7
728,1
729,1
730,9
731,4
732,9
733,6
734,8
735,1
736,9
737,3
738,2
739,9
740,1
741,6
742,7
743,0
744,3
745,8
746,7
747,5
748,6
749,4
750,2
751,0
752,0
753,5
754,5
755,5
756,8
757,3
758,2
759,4
760,3
761,0
762,3
763,4
764,7
765,8
766,1
767,8
768,7
769,4
770,5
771,5
772,5
773,7
774,6
775,6
776,3
777,7
778,6
779,1
780,2
781,2
782,8
783,8
784,6
785,5
786,8
787,7
788,9
789,5
790,9
791,3
792,6
793,8
794,8
795,8
796,1
797,7
798,5
799,5
800,6
801,7
802,3
803,5
804,4
805,9
806,6
807,4
808,8
809,8
810,1
811,8
812,4
813,9
814,2
815,1
816,2
817,2
818,7
819,9
820,5
821,9
822,5
823,1
824,5
825,4
826,4
827,5
828,7
829,5
830,3
831,0
832,4
833,2
834,8
835,8
836,8
837,3
838,0
839,9
840,9
841,6
842,6
843,3
844,5
845,1
846,1
847,7
848,5
849,1
850,3
851,9
852,8
853,3
854,0
855,5
856,4
857,1
858,0
859,1
860,1
861,0
862,5
863,7
864,6
865,4
866,6
867,1
868,2
869,8
870,6
871,0
872,9
873,6
874,3
875,7
876,0
877,5
878,9
879,3
880,8
881,5
882,1
883,2
884,4
885,4
886,8
887,2
888,7
889,6
890,3
891,2
892,3
893,1
894,2
895,8
896,5
897,0
898,1
899,1
900,1
901,6
902,7
903,5
904,5
905,4
906,5
907,6
908,0
909,2
910,7
911,5
912,4
913,0
914,5
915,2
916,8
917,6
918,1
919,1
920,5
921,2
922,8
923,7
924,9
925,3
926,5
927,0
928,8
929,1
930,9
931,3
932,0
933,4
934,7
935,2
936,2
937,2
938,6
939,5
940,3
941,2
942,0
943,1
944,6
945,7
946,0
947,3
948,6
949,8
950,2
951,0
952,7
953,3
954,1
955,2
956,6
957,9
958,0
959,2
960,8
961,4
962,1
963,2
964,6
965,7
966,8
967,1
968,1
969,8
970,2
971,8
972,5
973,9
974,3
975,5
976,6
977,0
978,1
979,9
980,8
981,0
982,4
983,7
984,3
985,0
986,2
987,3
988,5
989,1
990,0
991,3
992,2
993,2
994,5
995,3
996,9
997,7
998,3
999,7
1000,7
1001,3
1002,2
1003,7
1004,1
1005,3
1006,1
1007,6
1008,5
1009,8
1010,3
1011,3
1012,3
1013,8
1014,7
1015,9
1016,6
1017,6
1018,4
1019,5
1020,7
1021,5
1022,3
1023,0
1024,9
1025,7
1026,3
1027,2
1028,4
1029,0
1030,9
1031,4
1032,2
1033,8
1034,5
1035,2
1036,0
1037,8
1038,4
1039,1
1040,3
1041,2
1042,0
1043,2
1044,3
1045,1
1046,1
1047,0
1048,3
1049,9
1050,8
1051,0
1052,1
1053,3
1054,5
1055,6
1056,1
1057,9
1058,5
1059,2
1060,6
1061,9
1062,1
1063,7
1064,5
1065,2
1066,7
1067,5
1068,3
1069,0
1070,2
1071,9
1072,5
1073,2
1074,6
1075,5
1076,2
1077,3
1078,3
1079,0
1080,6
1081,2
1082,1
1083,8
1084,8
1085,4
1086,2
1087,6
1088,7
1089,6
1090,6
1091,9
1092,3
1093,5
1094,4
1095,3
1096,7
1097,3
1098,0
1099,1
1100,1
1101,1
1102,2
1103,3
1104,7
1105,3
1106,0
1107,2
1108,4
1109,2
1110,1
1111,5
1112,8
1113,2
1114,1
1115,2
1116,9
1117,7
1118,6
1119,7
1120,9
1121,8
1122,7
1123,0
1124,2
1125,7
1126,7
1127,5
1128,0
1129,6
1130,3
1131,8
1132,2
1133,2
1134,4
1135,8
1136,9
1137,7
1138,0
1139,6
1140,2
1141,0
1142,3
1143,5
1144,5
1145,3
1146,5
1147,9
1148,0
1149,6
1150,7
1151,0
1152,1
1153,8
1154,8
1155,4
1156,5
1157,9
1158,4
1159,7
1160,3
1161,0
1162,1
1163,8
1164,8
1165,9
1166,1
1167,7
1168,1
1169,5
1170,2
1171,9
1172,3
1173,0
1174,6
1175,9
1176,2
1177,2
1178,0
1179,7
1180,1
1181,3
1182,5
1183,1
1184,3
1185,9
1186,7
1187,8
1188,7
1189,0
1190,7
1191,1
1192,4
1193,3
1194,6
1195,0
1196,4
1197,0
1198,1
1199,3
1200,6
1201,9
1202,9
1203,2
1204,7
1205,1
1206,8
1207,7
1208,6
1209,3
1210,6
1211,5
1212,8
1213,4
1214,0
1215,2
1216,0
1217,0
1218,3
1219,0
1220,2
1221,2
1222,3
1223,3
1224,5
1225,8
1226,6
1227,2
1228,8
1229,0
1230,1
1231,0
1232,3
1233,6
1234,6
1235,5
1236,7
1237,4
1238,2
1239,0
1240,8
1241,9
1242,7
1243,4
1244,1
1245,2
1246,2
1247,4
1248,0
1249,9
1250,0
1251,8
1252,1
1253,8
1254,2
1255,7
1256,3
1257,7
1258,2
1259,5
1260,8
1261,6
1262,1
1263,6
1264,3
1265,6
1266,1
1267,3
1268,6
1269,2
1270,3
1271,0
1272,6
1273,5
1274,2
1275,4
1276,4
1277,4
1278,8
1279,6
1280,9
1281,1
1282,3
1283,1
1284,5
1285,2
1286,5
1287,1
1288,7
1289,6
1290,1
1291,2
1292,3
1293,8
1294,7
1295,3
1296,7
1297,4
1298,5
1299,7
1300,7
1301,8
1302,7
1303,3
1304,2
1305,6
1306,8
1307,4
1308,9
1309,2
1310,8
1311,4
1312,0
1313,1
1314,4
1315,1
1316,1
1317,6
1318,7
1319,8
1320,7
1321,4
1322,4
1323,0
1324,1
1325,5
1326,2
1327,3
1328,4
1329,9
1330,6
1331,7
1332,9
1333,7
1334,2
1335,0
1336,3
1337,1
1338,9
1339,4
1340,4
1341,0
1342,5
1343,6
1344,7
1345,2
1346,9
1347,0
1348,7
1349,4
1350,6
1351,8
1352,2
1353,5
1354,5
1355,3
1356,3
1357,3
1358,8
1359,9
1360,7
1361,6
1362,9
1363,0
1364,7
1365,7
1366,7
1367,2
1368,7
1369,0
1370,4
1371,9
1372,2
1373,9
1374,7
1375,5
1376,8
1377,2
1378,4
1379,1
1380,9
1381,3
1382,9
1383,7
1384,0
1385,1
1386,7
1387,9
1388,9
1389,0
1390,5
1391,3
1392,5
1393,9
1394,4
1395,3
1396,7
1397,3
1398,9
1399,5
1400,5
1401,9
1402,1
1403,1
1404,8
1405,7
1406,7
1407,5
1408,8
1409,1
1410,8
1411,6
1412,1
1413,3
1414,5
1415,1
1416,6
1417,5
1418,2
1419,1
1420,4
1421,5
1422,7
1423,5
1424,0
1425,0
1426,7
1427,6
1428,9
1429,1
1430,3
1431,6
1432,4
1433,0
1434,1
1435,5
1436,2
1437,2
1438,3
1439,1
1440,5
1441,3
1442,6
1443,4
1444,2
1445,9
1446,3
1447,3
1448,6
1449,6
1450,1
1451,0
1452,4
1453,2
1454,9
1455,6
1456,8
1457,5
1458,9
1459,7
1460,1
1461,6
1462,8
1463,1
1464,6
1465,4
1466,0
1467,0
1468,7
1469,2
1470,6
1471,7
1472,3
1473,1
1474,3
1475,2
1476,0
1477,3
1478,3
1479,0
1480,4
1481,6
1482,7
1483,1
1484,2
1485,1
1486,5
1487,6
1488,6
1489,2
1490,3
1491,9
1492,3
1493,5
1494,0
1495,3
1496,1
1497,4
1498,1
1499,0
1500,6
1501,1
1502,1
1503,9
1504,3
1505,3
1506,2
1507,7
1508,6
1509,6
1510,1
1511,6
1512,6
1513,7
1514,8
1515,0
1516,9
1517,3
1518,5
1519,3
1520,7
1521,3
1522,9
1523,7
1524,2
1525,7
1526,0
1527,3
1528,8
1529,0
1530,7
1531,4
1532,3
1533,6
1534,7
1535,8
1536,4
1537,3
1538,8
1539,1
1540,3
1541,3
1542,8
1543,9
1544,3
1545,3
1546,1
1547,1
1548,1
1549,3
1550,3
1551,7
1552,9
1553,6
1554,1
1555,0
1556,9
1557,5
1558,8
1559,2
1560,2
1561,6
1562,5
1563,9
1564,1
1565,7
1566,4
1567,2
1568,7
1569,7
1570,9
1571,7
1572,1
1573,9
1574,9
1575,7
1576,0
1577,3
1578,8
1579,1
1580,0
1581,3
1582,5
1583,7
1584,9
1585,2
1586,3
1587,7
1588,1
1589,3
1590,5
1591,1
1592,5
1593,8
1594,5
1595,9
1596,6
1597,0
1598,0
1599,2
1600,2
1601,0
1602,7
1603,7
1604,2
1605,2
1606,6
1607,5
1608,7
1609,3
1610,5
1611,3
1612,0
1613,2
1614,7
1615,6
1616,9
1617,2
1618,3
1619,5
1620,1
1621,6
1622,2
1623,3
1624,0
1625,2
1626,8
1627,9
1628,3
1629,9
1630,4
1631,7
1632,2
1633,4
1634,1
1635,3
1636,9
1637,3
1638,4
1639,0
1640,3
1641,0
1642,9
1643,1
1644,8
1645,5
1646,5
1647,9
1648,4
1649,1
1650,8
1651,7
1652,7
1653,4
1654,4
1655,3
1656,3
1657,7
1658,5
1659,6
1660,5
1661,4
1662,6
1663,9
1664,6
1665,4
1666,1
1667,5
1668,3
1669,8
1670,0
1671,6
1672,0
1673,0
1674,2
1675,3
1676,7
1677,9
1678,9
1679,0
1680,1
1681,5
1682,8
1683,9
1684,1
1685,8
1686,1
1687,4
1688,6
1689,1
1690,3
1691,2
1692,1
1693,6
1694,1
1695,6
1696,0
1697,4
1698,3
1699,7
1700,7
1701,5
1702,1
1703,8
1704,3
1705,6
1706,2
1707,7
1708,9
1709,6
1710,3
1711,6
1712,9
1713,5
1714,1
1715,9
1716,9
1717,5
1718,9
1719,6
1720,6
1721,6
1722,7
1723,9
1724,6
1725,2
1726,7
1727,2
1728,5
1729,8
1730,7
1731,6
1732,3
1733,5
1734,9
1735,3
1736,9
1737,0
1738,4
1739,3
1740,7
1741,7
1742,8
1743,7
1744,4
1745,4
1746,2
1747,4
1748,0
1749,1
1750,3
1751,1
1752,7
1753,5
1754,3
1755,6
1756,1
1757,2
1758,3
1759,6
1760,5
1761,7
1762,6
1763,5
1764,9
1765,2
1766,9
1767,9
1768,6
1769,4
1770,8
1771,5
1772,3
1773,1
1774,7
1775,4
1776,7
1777,7
1778,8
1779,1
1780,5
1781,3
1782,4
1783,9
1784,8
1785,0
1786,9
1787,4
1788,0
1789,2
1790,0
1791,9
1792,3
1793,3
1794,4
1795,6
1796,7
1797,4
1798,4
1799,5
1800,1
1801,1
1802,8
1803,2
1804,9
1805,2
1806,5
1807,6
1808,4
1809,0
1810,3
1811,3
1812,1
1813,1
1814,9
1815,5
1816,0
1817,4
1818,2
1819,1
1820,0
1821,2
1822,8
1823,7
1824,9
1825,3
1826,9
1827,3
1828,9
1829,2
1830,7
1831,2
1832,3
1833,7
1834,1
1835,6
1836,8
1837,1
1838,7
1839,6
1840,1
1841,4
1842,8
1843,3
1844,3
1845,7
1846,9
1847,2
1848,3
1849,4
1850,9
1851,4
1852,3
1853,3
1854,9
1855,0
1856,7
1857,0
1858,2
1859,9
1860,0
1861,0
1862,9
1863,3
1864,9
1865,9
1866,7
1867,1
1868,2
1869,0
1870,3
1871,5
1872,6
1873,3
1874,7
1875,1
1876,0
1877,1
1878,5
1879,5
1880,2
1881,5
1882,3
1883,3
1884,7
1885,9
1886,2
1887,4
1888,0
1889,5
1890,0
1891,0
1892,1
1893,0
1894,2
1895,7
1896,5
1897,7
1898,2
1899,1
1900,6
1901,4
1902,0
1903,8
1904,2
1905,0
1906,7
1907,7
1908,6
1909,3
1910,0
1911,9
1912,7
1913,0
1914,2
1915,5
1916,7
1917,7
1918,9
1919,1
1920,0
1921,9
1922,3
1923,7
1924,7
1925,2
1926,6
1927,6
1928,5
1929,9
1930,1
1931,8
1932,7
1933,6
1934,2
1935,4
1936,8
1937,4
1938,7
1939,1
1940,0
1941,6
1942,9
1943,3
1944,6
1945,2
1946,0
1947,2
1948,2
1949,5
1950,5
1951,4
1952,7
1953,9
1954,9
1955,8
1956,5
1957,7
1958,3
1959,7
1960,1
1961,3
1962,0
1963,4
1964,9
1965,2
1966,4
1967,6
1968,6
1969,1
1970,1
1971,4
1972,9
1973,5
1974,7
1975,5
1976,0
1977,0
1978,5
1979,5
1980,0
1981,6
1982,6
1983,3
1984,2
1985,4
1986,0
1987,7
1988,2
1989,2
1990,2
1991,9
1992,7
1993,6
1994,3
1995,1
1996,9
1997,7
1998,2
1999,7
2000,9
2001,1
2002,2
2003,7
2004,9
2005,4
2006,4
2007,2
2008,1
2009,7
2010,8
2011,1
2012,3
2013,7
2014,5
2015,9
2016,1
2017,9
2018,5
2019,0
2020,3
2021,2
2022,4
2023,4
2024,0
2025,5
2026,1
2027,7
2028,3
2029,3
2030,8
2031,2
2032,7
2033,2
2034,8
2035,6
2036,1
2037,8
2038,3
2039,9
2040,2
2041,9
2042,9
2043,8
2044,6
2045,9
2046,1
2047,3
2048,1
2049,0
2050,3
2051,0
2052,4
2053,0
2054,0
2055,4
2056,3
2057,9
2058,5
2059,3
2060,5
2061,0
2062,0
2063,6
2064,1
2065,1
2066,8
2067,0
2068,8
2069,8
2070,1
2071,7
2072,3
2073,1
2074,9
2075,0
2076,0
2077,5
2078,2
2079,3
2080,0
2081,9
2082,7
2083,1
2084,2
2085,1
2086,6
2087,2
2088,9
2089,2
2090,1
2091,0
2092,0
2093,9
2094,3
2095,0
2096,0
2097,1
2098,7
2099,7
2100,0
2101,9
2102,6
2103,0
2104,5
2105,7
2106,8
2107,8
2108,7
2109,8
2110,5
2111,5
2112,7
2113,8
2114,2
2115,0
2116,5
2117,8
2118,1
2119,8
2120,3
2121,5
2122,2
2123,0
2124,3
2125,1
2126,9
2127,1
2128,3
2129,5
2130,3
2131,3
2132,9
2133,9
2134,4
2135,6
2136,9
2137,2
2138,3
2139,4
2140,7
2141,4
2142,9
2143,7
2144,2
2145,1
2146,3
2147,2
2148,6
2149,9
2150,4
2151,2
2152,8
2153,6
2154,0
2155,0
2156,0
2157,7
2158,6
2159,1
2160,1
2161,0
2162,3
2163,1
2164,9
2165,1
2166,3
2167,7
2168,2
2169,1
2170,3
2171,4
2172,4
2173,3
2174,9
2175,6
2176,6
2177,3
2178,7
2179,7
2180,3
2181,4
2182,3
2183,3
2184,4
2185,2
2186,7
2187,5
2188,6
2189,5
2190,0
2191,4
2192,1
2193,9
2194,1
2195,1
2196,1
2197,1
2198,8
2199,6
2200,1
2201,5
2202,4
2203,3
2204,4
2205,2
2206,3
2207,7
2208,2
2209,2
2210,5
2211,6
2212,2
2213,0
2214,4
2215,7
2216,6
2217,3
2218,2
2219,9
2220,7
2221,9
2222,0
2223,9
2224,3
2225,9
2226,5
2227,1
2228,3
2229,1
2230,1
2231,3
2232,4
2233,7
2234,9
2235,7
2236,3
2237,2
2238,9
2239,9
2240,5
2241,3
2242,2
2243,7
2244,1
2245,2
2246,9
2247,2
2248,8
2249,6
2250,0
2251,5
2252,6
2253,2
2254,3
2255,1
2256,5
2257,1
2258,3
2259,5
2260,4
2261,4
2262,4
2263,5
2264,7
2265,7
2266,7
2267,4
2268,9
2269,6
2270,0
2271,6
2272,8
2273,6
2274,3
2275,4
2276,7
2277,9
2278,2
2279,0
2280,8
2281,8
2282,1
2283,5
2284,9
2285,3
2286,3
2287,9
2288,0
2289,0
2290,3
2291,4
2292,4
2293,2
2294,3
2295,4
2296,7
2297,5
2298,7
2299,2
2300,3
2301,5
2302,6
2303,7
2304,2
2305,6
2306,5
2307,9
2308,0
2309,6
2310,3
2311,6
2312,4
2313,4
2314,3
2315,3
2316,6
2317,9
2318,0
2319,7
2320,1
2321,1
2322,5
2323,3
2324,5
2325,9
2326,4
2327,3
2328,8
2329,5
2330,5
2331,7
2332,1
2333,2
2334,2
2335,8
2336,4
2337,1
2338,3
2339,6
2340,7
2341,1
2342,1
2343,4
2344,3
2345,4
2346,1
2347,1
2348,0
2349,3
2350,3
2351,2
2352,5
2353,7
2354,6
2355,1
2356,1
2357,2
2358,3
2359,7
2360,1
2361,6
2362,5
2363,1
2364,0
2365,4
2366,5
2367,9
2368,9
2369,8
2370,3
2371,5
2372,5
2373,0
2374,8
2375,9
2376,1
2377,3
2378,1
2379,4
2380,5
2381,3
2382,6
2383,8
2384,9
2385,3
2386,7
2387,1
2388,4
2389,9
2390,6
2391,6
2392,2
2393,7
2394,7
2395,8
2396,9
2397,7
2398,5
2399,3
2400,5
2401,1
2402,9
2403,8
2404,9
2405,9
2406,9
2407,5
2408,1
2409,4
2410,3
2411,0
2412,9
2413,1
2414,5
2415,3
2416,0
2417,4
2418,0
2419,8
2420,2
2421,3
2422,4
2423,2
2424,3
2425,3
2426,2
2427,3
2428,6
2429,5
2430,3
2431,6
2432,8
2433,0
2434,5
2435,6
2436,5
2437,0
2438,2
2439,6
2440,5
2441,1
2442,6
2443,7
2444,0
2445,7
2446,5
2447,3
2448,3
2449,8
2450,3
2451,4
2452,0
2453,9
2454,1
2455,2
2456,4
2457,2
2458,4
2459,3
2460,6
2461,7
2462,8
2463,1
2464,0
2465,0
2466,7
2467,5
2468,9
2469,7
2470,2
2471,2
2472,4
2473,5
2474,6
2475,5
2476,1
2477,5
2478,5
2479,9
2480,4
2481,7
2482,3
2483,9
2484,2
2485,1
2486,9
2487,7
2488,7
2489,4
2490,4
2491,5
2492,3
2493,3
2494,7
2495,7
2496,3
2497,3
2498,2
2499,5
2500,9
2501,6
2502,4
2503,5
2504,9
2505,9
2506,1
2507,3
2508,0
2509,9
2510,1
2511,8
2512,7
2513,2
2514,6
2515,1
2516,8
2517,4
2518,2
2519,7
2520,9
2521,3
2522,4
2523,9
2524,5
2525,7
2526,3
2527,6
2528,6
2529,6
2530,3
2531,1
2532,1
2533,8
2534,5
2535,9
2536,5
2537,1
2538,1
2539,1
2540,6
2541,7
2542,5
2543,1
2544,0
2545,4
2546,2
2547,8
2548,1
2549,9
2550,5
2551,0
2552,1
2553,1
2554,3
2555,3
2556,0
2557,1
2558,1
2559,5
2560,5
2561,7
2562,3
2563,2
2564,6
2565,4
2566,8
2567,4
2568,1
2569,5
2570,7
2571,7
2572,5
2573,8
2574,0
2575,7
2576,3
2577,3
2578,6
2579,0
2580,0
2581,6
2582,5
2583,3
2584,6
2585,4
2586,0
2587,0
2588,4
2589,4
2590,1
2591,7
2592,0
2593,3
2594,4
2595,1
2596,8
2597,1
2598,7
2599,7
2600,9
2601,5
2602,0
2603,3
2604,8
2605,2
2606,4
2607,4
2608,7
2609,1
2610,5
2611,3
2612,5
2613,5
2614,7
2615,4
2616,7
2617,9
2618,1
2619,3
2620,7
2621,3
2622,6
2623,7
2624,2
2625,2
2626,5
2627,8
2628,7
2629,6
2630,0
2631,1
2632,3
2633,3
2634,3
2635,9
2636,7
2637,5
2638,2
2639,5
2640,3
2641,4
2642,9
2643,9
2644,3
2645,8
2646,3
2647,0
2648,7
2649,5
2650,3
2651,4
2652,9
2653,4
2654,3
2655,5
2656,1
2657,2
2658,5
2659,3
2660,8
2661,5
2662,0
2663,0
2664,0
2665,7
2666,4
2667,4
2668,2
2669,1
2670,2
2671,0
2672,7
2673,3
2674,1
2675,9
2676,4
2677,5
2678,2
2679,9
2680,1
2681,4
2682,7
2683,2
2684,1
2685,5
2686,1
2687,2
2688,2
2689,3
2690,2
2691,8
2692,6
2693,8
2694,9
2695,1
2696,7
2697,6
2698,3
2699,4
2700,2
2701,0
2702,6
2703,1
2704,8
2705,3
2706,3
2707,3
2708,7
2709,4
2710,1
2711,5
2712,2
2713,3
2714,0
2715,0
2716,9
2717,9
2718,1
2719,9
2720,3
2721,3
2722,1
2723,6
2724,1
2725,1
2726,1
2727,7
2728,4
2729,0
2730,1
2731,5
2732,5
2733,1
2734,2
2735,7
2736,0
2737,1
2738,4
2739,8
2740,3
2741,3
2742,5
2743,7
2744,7
2745,2
2746,6
2747,2
2748,2
2749,4
2750,7
2751,3
2752,1
2753,7
2754,0
2755,6
2756,2
2757,6
2758,7
2759,7
2760,7
2761,8
2762,3
2763,3
2764,8
2765,2
2766,7
2767,1
2768,3
2769,0
2770,8
2771,7
2772,3
2773,2
2774,4
2775,7
2776,6
2777,7
2778,1
2779,9
2780,9
2781,7
2782,2
2783,6
2784,9
2785,1
2786,0
2787,8
2788,9
2789,6
2790,4
2791,1
2792,1
2793,9
2794,6
2795,9
2796,1
2797,0
2798,5
2799,5
2800,7
2801,7
2802,9
2803,2
2804,1
2805,6
2806,3
2807,4
2808,2
2809,4
2810,9
2811,1
2812,5
2813,1
2814,2
2815,0
2816,6
2817,3
2818,1
2819,5
2820,2
2821,7
2822,5
2823,7
2824,8
2825,9
2826,5
2827,5
2828,9
2829,2
2830,1
2831,1
2832,6
2833,1
2834,6
2835,6
2836,8
2837,5
2838,1
2839,1
2840,8
2841,7
2842,0
2843,1
2844,3
2845,1
2846,3
2847,5
2848,8
2849,3
2850,6
2851,5
2852,3
2853,7
2854,7
2855,8
2856,5
2857,3
2858,8
2859,6
2860,0
2861,5
2862,8
2863,4
2864,1
2865,7
2866,6
2867,0
2868,3
2869,7
2870,5
2871,5
2872,1
2873,0
2874,9
2875,2
2876,8
2877,5
2878,6
2879,5
2880,0
2881,5
2882,9
2883,3
2884,3
2885,2
2886,2
2887,1
2888,9
2889,6
2890,5
2891,8
2892,1
2893,1
2894,0
2895,7
2896,6
2897,1
2898,0
2899,6
2900,7
2901,2
2902,6
2903,3
2904,0
2905,0
2906,1
2907,9
2908,3
2909,3
2910,1
2911,4
2912,5
2913,8
2914,0
2915,7
2916,7
2917,7
2918,1
2919,5
2920,3
2921,3
2922,5
2923,2
2924,1
2925,5
2926,5
2927,1
2928,0
2929,3
2930,6
2931,5
2932,0
2933,9
2934,3
2935,0
2936,9
2937,5
2938,3
2939,5
2940,5
2941,2
2942,6
2943,3
2944,8
2945,7
2946,2
2947,1
2948,2
2949,0
2950,1
2951,5
2952,7
2953,1
2954,1
2955,8
2956,0
2957,2
2958,7
2959,0
2960,0
2961,3
2962,7
2963,5
2964,1
2965,1
2966,7
2967,0
2968,7
2969,0
2970,8
2971,7
2972,0
2973,6
2974,0
2975,1
2976,3
2977,0
2978,5
2979,2
2980,3
2981,2
2982,3
2983,6
2984,3
2985,2
2986,0
2987,9
2988,2
2989,0
2990,3
2991,7
2992,3
2993,3
2994,9
2995,2
2996,7
2997,9
2998,7
2999,7
3000,0
3001,2
3002,2
3003,5
3004,4
3005,7
3006,6
3007,0
3008,2
3009,9
3010,5
3011,4
3012,8
3013,5
3014,2
3015,6
3016,2
3017,3
3018,9
3019,3
3020,9
3021,4
3022,0
3023,4
3024,8
3025,2
3026,0
3027,6
3028,5
3029,5
3030,0
3031,2
3032,2
3033,2
3034,4
3035,0
3036,7
3037,5
3038,3
3039,6
3040,0
3041,1
3042,7
3043,3
3044,0
3045,6
3046,9
3047,0
3048,9
3049,7
3050,6
3051,2
3052,7
3053,8
3054,4
3055,8
3056,1
3057,8
3058,3
3059,3
3060,3
3061,9
3062,6
3063,1
3064,3
3065,0
3066,7
3067,6
3068,6
3069,4
3070,8
3071,4
3072,8
3073,8
3074,7
3075,3
3076,6
3077,5
3078,0
3079,6
3080,0
3081,2
3082,1
3083,0
3084,6
3085,4
3086,8
3087,0
3088,5
3089,1
3090,2
3091,5
3092,6
3093,2
3094,1
3095,6
3096,6
3097,7
3098,3
3099,1
3100,4
3101,2
3102,9
3103,8
3104,0
3105,5
3106,0
3107,7
3108,1
3109,0
3110,5
3111,0
3112,6
3113,2
3114,7
3115,8
3116,1
3117,3
3118,8
3119,0
3120,0
3121,3
3122,7
3123,2
3124,6
3125,6
3126,1
3127,3
3128,0
3129,2
3130,7
3131,2
3132,5
3133,1
3134,6
3135,9
3136,8
3137,8
3138,7
3139,6
3140,7
3141,8
3142,1
3143,9
3144,2
3145,0
3146,2
3147,3
3148,9
3149,4
3150,5
3151,1
3152,4
3153,0
3154,4
3155,7
3156,9
3157,1
3158,3
3159,9
3160,4
3161,6
3162,0
3163,2
3164,8
3165,1
3166,0
3167,8
3168,2
3169,1
3170,0
3171,9
3172,5
3173,3
3174,3
3175,5
3176,9
3177,1
3178,3
3179,8
3180,2
3181,6
3182,5
3183,2
3184,0
3185,3
3186,2
3187,2
3188,5
3189,6
3190,0
3191,2
3192,3
3193,2
3194,4
3195,8
3196,3
3197,2
3198,3
3199,9
3200,7
3201,5
3202,2
3203,5
3204,7
3205,8
3206,1
3207,8
3208,4
3209,3
3210,4
3211,1
3212,7
3213,6
3214,6
3215,7
3216,7
3217,4
3218,5
3219,4
3220,3
3221,6
3222,7
3223,3
3224,8
3225,0
3226,6
3227,6
3228,2
3229,2
3230,9
3231,6
3232,6
3233,2
3234,5
3235,0
3236,4
3237,6
3238,4
3239,2
3240,9
3241,4
3242,6
3243,7
3244,3
3245,2
3246,3
3247,6
3248,8
3249,9
3250,7
3251,4
3252,7
3253,3
3254,7
3255,4
3256,6
3257,0
3258,7
3259,7
3260,9
3261,5
3262,6
3263,8
3264,9
3265,4
3266,1
3267,7
3268,5
3269,1
3270,0
3271,2
3272,1
3273,7
3274,1
3275,3
3276,7
3277,7
3278,4
3279,2
3280,2
3281,8
3282,8
3283,5
3284,1
3285,4
3286,3
3287,7
3288,7
3289,2
3290,1
3291,0
3292,4
3293,4
3294,6
3295,0
3296,8
3297,1
3298,4
3299,2
3300,7
3301,3
3302,0
3303,0
3304,9
3305,1
3306,6
3307,0
3308,8
3309,8
3310,1
3311,3
3312,7
3313,0
3314,5
3315,8
3316,8
3317,7
3318,6
3319,6
3320,4
3321,4
3322,3
3323,4
3324,8
3325,3
3326,2
3327,9
3328,6
3329,2
3330,7
3331,3
3332,1
3333,3
3334,6
3335,2
3336,9
3337,7
3338,7
3339,1
3340,3
3341,7
3342,2
3343,1
3344,9
3345,8
3346,4
3347,7
3348,0
3349,8
3350,6
3351,9
3352,1
3353,5
3354,0
3355,3
3356,1
3357,7
3358,3
3359,9
3360,3
3361,5
3362,3
3363,2
3364,6
3365,9
3366,2
3367,1
3368,6
3369,1
3370,7
3371,1
3372,3
3373,0
3374,3
3375,6
3376,9
3377,0
3378,3
3379,4
3380,7
3381,4
3382,8
3383,4
3384,3
3385,0
3386,1
3387,1
3388,6
3389,7
3390,3
3391,5
3392,4
3393,6
3394,1
3395,7
3396,6
3397,8
3398,7
3399,8
3400,2
3401,4
3402,3
3403,9
3404,9
3405,3
3406,8
3407,0
3408,7
3409,9
3410,4
3411,4
3412,3
3413,0
3414,9
3415,1
3416,0
3417,9
3418,1
3419,1
3420,3
3421,2
3422,8
3423,3
3424,8
3425,3
3426,0
3427,6
3428,5
3429,7
3430,8
3431,1
3432,9
3433,7
3434,2
3435,4
3436,5
3437,9
3438,1
3439,7
3440,0
3441,3
3442,9
3443,1
3444,1
3445,8
3446,6
3447,7
3448,4
3449,1
3450,2
3451,8
3452,7
3453,8
3454,3
3455,3
3456,2
3457,9
3458,8
3459,7
3460,9
3461,5
3462,9
3463,5
3464,4
3465,2
3466,4
3467,5
3468,2
3469,6
3470,3
3471,7
3472,5
3473,2
3474,4
3475,2
3476,7
3477,6
3478,7
3479,1
3480,9
3481,6
3482,2
3483,9
3484,0
3485,0
3486,6
3487,0
3488,3
3489,7
3490,7
3491,7
3492,6
3493,0
3494,9
3495,3
3496,1
3497,0
3498,8
3499,8
3500,2
3501,7
3502,7
3503,2
3504,5
3505,2
3506,1
3507,4
3508,2
3509,6
3510,7
3511,8
3512,7
3513,4
3514,3
3515,3
3516,4
3517,3
3518,4
3519,4
3520,2
3521,3
3522,7
3523,3
3524,7
3525,0
3526,1
3527,1
3528,9
3529,7
3530,0
3531,1
3532,7
3533,9
3534,6
3535,3
3536,9
3537,4
3538,7
3539,3
3540,4
3541,7
3542,8
3543,3
3544,3
3545,3
3546,0
3547,5
3548,3
3549,9
3550,8
3551,0
3552,6
3553,3
3554,1
3555,5
3556,4
3557,6
3558,0
3559,1
3560,3
3561,9
3562,1
3563,3
3564,1
3565,5
3566,5
3567,0
3568,7
3569,7
3570,6
3571,3
3572,3
3573,2
3574,0
3575,0
3576,2
3577,6
3578,2
3579,6
3580,4
3581,0
3582,5
3583,8
3584,3
3585,7
3586,1
3587,0
3588,3
3589,3
3590,2
3591,0
3592,6
3593,0
3594,1
3595,9
3596,3
3597,0
3598,3
3599,3
3600,7
3601,5
3602,5
3603,9
3604,9
3605,8
3606,5
3607,3
3608,5
3609,1
3610,0
3611,2
3612,7
3613,2
3614,7
3615,8
3616,6
3617,5
3618,7
3619,4
3620,2
3621,3
3622,7
3623,8
3624,9
3625,7
3626,7
3627,3
3628,7
3629,7
3630,2
3631,9
3632,4
3633,3
3634,8
3635,2
3636,6
3637,3
3638,3
3639,7
3640,4
3641,5
3642,9
3643,4
3644,8
3645,1
3646,3
3647,5
3648,6
3649,0
3650,1
3651,5
3652,7
3653,1
3654,3
3655,4
3656,0
3657,7
3658,1
3659,0
3660,2
3661,3
3662,4
3663,0
3664,5
3665,7
3666,3
3667,4
3668,3
3669,1
3670,2
3671,1
3672,3
3673,2
3674,6
3675,6
3676,6
3677,0
3678,4
3679,7
3680,0
3681,6
3682,3
3683,3
3684,3
3685,0
3686,1
3687,2
3688,3
3689,9
3690,1
3691,2
3692,5
3693,6
3694,6
3695,3
3696,2
3697,4
3698,3
3699,6
3700,2
3701,2
3702,3
3703,5
3704,1
3705,3
3706,4
3707,3
3708,1
3709,0
3710,4
3711,6
3712,2
3713,3
3714,1
3715,8
3716,0
3717,8
3718,2
3719,5
3720,5
3721,0
3722,7
3723,3
3724,8
3725,8
3726,9
3727,1
3728,0
3729,7
3730,7
3731,3
3732,9
3733,1
3734,5
3735,3
3736,4
3737,2
3738,9
3739,9
3740,4
3741,5
3742,9
3743,9
3744,7
3745,8
3746,2
3747,6
3748,3
3749,9
3750,5
3751,5
3752,1
3753,8
3754,5
3755,2
3756,5
3757,5
3758,7
3759,9
3760,0
3761,9
3762,6
3763,2
3764,3
3765,3
3766,8
3767,1
3768,4
3769,7
3770,1
3771,1
3772,7
3773,3
3774,4
3775,7
3776,8
3777,3
3778,6
3779,3
3780,3
3781,4
3782,8
3783,0
3784,5
3785,2
3786,2
3787,2
3788,1
3789,8
3790,5
3791,7
3792,0
3793,7
3794,3
3795,4
3796,0
3797,4
3798,3
3799,7
3800,7
3801,0
3802,0
3803,0
3804,9
3805,8
3806,1
3807,9
3808,7
3809,8
3810,1
3811,9
3812,6
3813,7
3814,6
3815,4
3816,8
3817,0
3818,6
3819,3
3820,3
3821,6
3822,8
3823,8
3824,5
3825,4
3826,1
3827,3
3828,4
3829,7
3830,8
3831,9
3832,6
3833,3
3834,9
3835,6
3836,6
3837,9
3838,2
3839,3
3840,7
3841,1
3842,2
3843,5
3844,4
3845,0
3846,6
3847,8
3848,2
3849,2
3850,0
3851,6
3852,9
3853,6
3854,0
3855,1
3856,5
3857,7
3858,7
3859,3
3860,9
3861,8
3862,9
3863,8
3864,4
3865,9
3866,2
3867,0
3868,4
3869,0
3870,2
3871,9
3872,8
3873,1
3874,2
3875,4
3876,5
3877,8
3878,6
3879,7
3880,4
3881,8
3882,9
3883,6
3884,7
3885,0
3886,9
3887,6
3888,8
3889,3
3890,3
3891,9
3892,3
3893,8
3894,3
3895,6
3896,9
3897,4
3898,3
3899,2
3900,5
3901,1
3902,7
3903,5
3904,3
3905,5
3906,7
3907,5
3908,4
3909,1
3910,3
3911,1
3912,1
3913,7
3914,0
3915,2
3916,8
3917,3
3918,7
3919,4
3920,9
3921,1
3922,2
3923,1
3924,5
3925,3
3926,1
3927,9
3928,3
3929,9
3930,5
3931,8
3932,7
3933,0
3934,9
3935,7
3936,1
3937,3
3938,0
3939,9
3940,9
3941,0
3942,3
3943,3
3944,8
3945,8
3946,9
3947,0
3948,9
3949,5
3950,1
3951,7
3952,7
3953,5
3954,8
3955,5
3956,1
3957,0
3958,1
3959,4
3960,6
3961,5
3962,4
3963,4
3964,9
3965,9
3966,0
3967,7
3968,1
3969,9
3970,5
3971,8
3972,6
3973,2
3974,7
3975,8
3976,3
3977,0
3978,0
3979,0
3980,1
3981,8
3982,0
3983,2
3984,3
3985,3
3986,2
3987,5
3988,8
3989,2
3990,6
3991,0
3992,1
3993,1
3994,0
3995,4
3996,0
3997,5
3998,7
3999,6
4000,4
4001,1
4002,5
4003,9
4004,0
4005,2
4006,0
4007,0
4008,3
4009,2
4010,5
4011,4
4012,4
4013,7
4014,7
4015,2
4016,2
4017,0
4018,8
4019,3
4020,4
4021,2
4022,4
4023,7
4024,2
4025,7
4026,2
4027,2
4028,1
4029,7
4030,0
4031,8
4032,4
4033,6
4034,5
4035,7
4036,3
4037,8
4038,9
4039,8
4040,7
4041,1
4042,7
4043,6
4044,0
4045,6
4046,5
4047,8
4048,5
4049,6
4050,7
4051,6
4052,4
4053,1
4054,2
4055,5
4056,6
4057,6
4058,8
4059,6
4060,1
4061,4
4062,2
4063,9
4064,6
4065,1
4066,9
4067,3
4068,9
4069,7
4070,6
4071,1
4072,0
4073,2
4074,5
4075,2
4076,3
4077,4
4078,0
4079,8
4080,8
4081,6
4082,8
4083,0
4084,3
4085,6
4086,1
4087,3
4088,4
4089,0
4090,3
4091,0
4092,4
4093,1
4094,1
4095,5
4096,3
4097,0
4098,2
4099,6
4100,7
4101,2
4102,7
4103,2
4104,6
4105,5
4106,8
4107,8
4108,3
4109,4
4110,2
4111,7
4112,8
4113,4
4114,0
4115,0
4116,3
4117,8
4118,6
4119,9
4120,3
4121,6
4122,3
4123,7
4124,3
4125,3
4126,2
4127,9
4128,3
4129,0
4130,3
4131,1
4132,0
4133,1
4134,2
4135,1
4136,7
4137,6
4138,4
4139,2
4140,1
4141,7
4142,4
4143,5
4144,5
4145,1
4146,7
4147,8
4148,3
4149,6
4150,2
4151,3
4152,5
4153,6
4154,8
4155,5
4156,9
4157,4
4158,8
4159,7
4160,3
4161,4
4162,0
4163,6
4164,3
4165,4
4166,4
4167,5
4168,1
4169,3
4170,4
4171,9
4172,7
4173,5
4174,8
4175,5
4176,5
4177,7
4178,2
4179,4
4180,2
4181,5
4182,1
4183,8
4184,9
4185,5
4186,2
4187,8
4188,9
4189,2
4190,6
4191,8
4192,5
4193,9
4194,0
4195,2
4196,7
4197,9
4198,8
4199,1
4200,3
4201,0
4202,5
4203,6
4204,7
4205,3
4206,7
4207,3
4208,7
4209,5
4210,3
4211,9
4212,6
4213,4
4214,7
4215,7
4216,9
4217,2
4218,6
4219,9
4220,1
4221,7
4222,7
4223,1
4224,7
4225,3
4226,7
4227,1
4228,2
4229,3
4230,5
4231,5
4232,9
4233,2
4234,4
4235,5
4236,2
4237,8
4238,5
4239,4
4240,6
4241,5
4242,4
4243,1
4244,1
4245,2
4246,8
4247,9
4248,3
4249,9
4250,7
4251,8
4252,5
4253,0
4254,1
4255,9
4256,3
4257,2
4258,7
4259,1
4260,1
4261,1
4262,3
4263,3
4264,3
4265,1
4266,5
4267,3
4268,4
4269,4
4270,4
4271,8
4272,3
4273,0
4274,4
4275,6
4276,2
4277,8
4278,1
4279,2
4280,2
4281,5
4282,7
4283,3
4284,6
4285,2
4286,4
4287,1
4288,5
4289,7
4290,1
4291,7
4292,9
4293,1
4294,0
4295,2
4296,6
4297,0
4298,1
4299,7
4300,0
4301,0
4302,6
4303,5
4304,3
4305,5
4306,0
4307,5
4308,6
4309,2
4310,0
4311,0
4312,3
4313,9
4314,6
4315,1
4316,2
4317,9
4318,7
4319,5
4320,4
4321,8
4322,7
4323,0
4324,1
4325,4
4326,1
4327,2
4328,0
4329,7
4330,1
4331,6
4332,0
4333,9
4334,5
4335,1
4336,3
4337,4
4338,0
4339,8
4340,2
4341,4
4342,3
4343,1
4344,3
4345,6
4346,4
4347,3
4348,5
4349,3
4350,2
4351,6
4352,5
4353,3
4354,4
4355,6
4356,8
4357,5
4358,0
4359,6
4360,3
4361,6
4362,4
4363,4
4364,2
4365,2
4366,6
4367,5
4368,3
4369,8
4370,2
4371,0
4372,8
4373,8
4374,0
4375,3
4376,2
4377,6
4378,1
4379,7
4380,5
4381,8
4382,1
4383,2
4384,3
4385,4
4386,5
4387,3
4388,5
4389,5
4390,0
4391,3
4392,6
4393,6
4394,3
4395,6
4396,9
4397,5
4398,8
4399,3
4400,7
4401,6
4402,6
4403,7
4404,2
4405,7
4406,9
4407,1
4408,1
4409,5
4410,5
4411,0
4412,0
4413,3
4414,3
4415,8
4416,6
4417,8
4418,0
4419,4
4420,1
4421,1
4422,2
4423,3
4424,4
4425,2
4426,6
4427,4
4428,9
4429,7
4430,7
4431,0
4432,6
4433,4
4434,9
4435,1
4436,2
4437,9
4438,5
4439,4
4440,0
4441,3
4442,3
4443,0
4444,5
4445,0
4446,5
4447,3
4448,9
4449,6
4450,0
4451,6
4452,2
4453,9
4454,3
4455,2
4456,6
4457,4
4458,5
4459,6
4460,9
4461,2
4462,1
4463,4
4464,6
4465,9
4466,6
4467,4
4468,8
4469,0
4470,1
4471,2
4472,6
4473,7
4474,5
4475,1
4476,5
4477,1
4478,7
4479,8
4480,8
4481,7
4482,8
4483,7
4484,7
4485,5
4486,6
4487,4
4488,3
4489,8
4490,9
4491,6
4492,3
4493,2
4494,6
4495,2
4496,1
4497,8
4498,3
4499,3
4500,0
4501,0
4502,9
4503,4
4504,5
4505,3
4506,4
4507,5
4508,0
4509,5
4510,0
4511,7
4512,0
4513,6
4514,3
4515,0
4516,1
4517,0
4518,7
4519,0
4520,8
4521,2
4522,1
4523,3
4524,2
4525,1
4526,5
4527,5
4528,2
4529,8
4530,9
4531,5
4532,0
4533,6
4534,6
4535,4
4536,1
4537,3
4538,9
4539,9
4540,5
4541,3
4542,2
4543,2
4544,4
4545,6
4546,4
4547,1
4548,4
4549,5
4550,2
4551,6
4552,3
4553,7
4554,1
4555,0
4556,6
4557,4
4558,1
4559,4
4560,7
4561,3
4562,3
4563,3
4564,2
4565,1
4566,1
4567,6
4568,1
4569,6
4570,9
4571,4
4572,1
4573,3
4574,1
4575,2
4576,1
4577,4
4578,4
4579,7
4580,2
4581,7
4582,0
4583,8
4584,1
4585,1
4586,1
4587,1
4588,0
4589,5
4590,0
4591,3
4592,6
4593,6
4594,7
4595,8
4596,2
4597,3
4598,4
4599,1
4600,6
4601,3
4602,9
4603,1
4604,6
4605,3
4606,2
4607,8
4608,7
4609,3
4610,3
4611,4
4612,5
4613,3
4614,6
4615,3
4616,7
4617,7
4618,1
4619,5
4620,3
4621,3
4622,0
4623,6
4624,1
4625,5
4626,1
4627,0
4628,7
4629,9
4630,4
4631,1
4632,1
4633,0
4634,0
4635,0
4636,4
4637,9
4638,2
4639,9
4640,6
4641,8
4642,3
4643,0
4644,1
4645,4
4646,8
4647,3
4648,1
4649,8
4650,9
4651,0
4652,7
4653,0
4654,3
4655,6
4656,2
4657,4
4658,3
4659,0
4660,7
4661,5
4662,8
4663,0
4664,9
4665,3
4666,1
4667,9
4668,0
4669,2
4670,8
4671,6
4672,2
4673,9
4674,3
4675,2
4676,5
4677,2
4678,4
4679,6
4680,0
4681,1
4682,1
4683,6
4684,1
4685,1
4686,6
4687,2
4688,7
4689,9
4690,0
4691,2
4692,5
4693,7
4694,3
4695,8
4696,2
4697,3
4698,8
4699,1
4700,7
4701,1
4702,3
4703,4
4704,6
4705,9
4706,0
4707,7
4708,3
4709,6
4710,0
4711,0
4712,8
4713,6
4714,1
4715,2
4716,1
4717,1
4718,3
4719,2
4720,9
4721,3
4722,0
4723,2
4724,8
4725,8
4726,5
4727,1
4728,3
4729,7
4730,3
4731,1
4732,2
4733,7
4734,5
4735,5
4736,7
4737,8
4738,1
4739,5
4740,1
4741,1
4742,6
4743,3
4744,8
4745,6
4746,6
4747,5
4748,3
4749,7
4750,9
4751,7
4752,6
4753,6
4754,2
4755,5
4756,0
4757,5
4758,1
4759,5
4760,5
4761,7
4762,9
4763,8
4764,1
4765,5
4766,4
4767,7
4768,4
4769,3
4770,6
4771,0
4772,1
4773,5
4774,4
4775,8
4776,8
4777,4
4778,8
4779,2
4780,4
4781,3
4782,3
4783,9
4784,5
4785,6
4786,7
4787,6
4788,7
4789,7
4790,5
4791,0
4792,6
4793,2
4794,2
4795,2
4796,5
4797,0
4798,3
4799,9
4800,8
4801,4
4802,3
4803,2
4804,0
4805,4
4806,2
4807,2
4808,5
4809,1
4810,4
4811,8
4812,6
4813,7
4814,6
4815,6
4816,2
4817,6
4818,5
4819,7
4820,4
4821,7
4822,5
4823,7
4824,1
4825,6
4826,8
4827,4
4828,1
4829,7
4830,6
4831,7
4832,1
4833,4
4834,0
4835,2
4836,0
4837,9
4838,2
4839,3
4840,6
4841,5
4842,6
4843,0
4844,7
4845,8
4846,2
4847,7
4848,8
4849,2
4850,1
4851,6
4852,7
4853,8
4854,0
4855,7
4856,1
4857,2
4858,0
4859,6
4860,8
4861,1
4862,6
4863,1
4864,0
4865,4
4866,9
4867,3
4868,1
4869,5
4870,1
4871,3
4872,2
4873,2
4874,0
4875,5
4876,7
4877,7
4878,1
4879,5
4880,5
4881,3
4882,1
4883,4
4884,5
4885,9
4886,3
4887,4
4888,7
4889,8
4890,2
4891,8
4892,6
4893,0
4894,2
4895,3
4896,8
4897,3
4898,1
4899,0
4900,7
4901,4
4902,4
4903,9
4904,1
4905,5
4906,2
4907,7
4908,1
4909,6
4910,9
4911,3
4912,0
4913,9
4914,4
4915,6
4916,5
4917,9
4918,9
4919,0
4920,8
4921,6
4922,2
4923,5
4924,3
4925,1
4926,3
4927,1
4928,4
4929,2
4930,3
4931,3
4932,4
4933,2
4934,0
4935,4
4936,5
4937,1
4938,3
4939,6
4940,6
4941,3
4942,4
4943,5
4944,7
4945,3
4946,7
4947,5
4948,5
4949,1
4950,1
4951,8
4952,5
4953,5
4954,0
4955,2
4956,1
4957,4
4958,6
4959,4
4960,1
4961,4
4962,9
4963,0
4964,0
4965,1
4966,1
4967,1
4968,6
4969,6
4970,1
4971,7
4972,3
4973,7
4974,1
4975,1
4976,0
4977,9
4978,7
4979,8
4980,9
4981,4
4982,3
4983,3
4984,6
4985,3
4986,4
4987,5
4988,0
4989,6
4990,6
4991,0
4992,8
4993,3
4994,9
4995,3
4996,9
4997,2
4998,4
4999,1
5000,5
5001,9
5002,6
5003,2
5004,4
5005,1
5006,4
5007,4
5008,5
5009,2
5010,7
5011,7
5012,4
5013,1
5014,9
5015,1
5016,3
5017,6
5018,8
5019,3
5020,7
5021,0
5022,7
5023,1
5024,1
5025,0
5026,4
5027,7
5028,1
5029,3
5030,1
5031,1
5032,5
5033,4
5034,1
5035,3
5036,5
5037,0
5038,6
5039,0
5040,8
5041,3
5042,7
5043,1
5044,7
5045,6
5046,7
5047,3
5048,3
5049,1
5050,1
5051,1
5052,1
5053,8
5054,4
5055,6
5056,3
5057,4
5058,0
5059,3
5060,1
5061,0
5062,1
5063,5
5064,9
5065,8
5066,8
5067,2
5068,8
5069,9
5070,0
5071,0
5072,6
5073,3
5074,6
5075,6
5076,1
5077,5
5078,3
5079,8
5080,1
5081,6
5082,0
5083,0
5084,9
5085,2
5086,3
5087,9
5088,8
5089,6
5090,1
5091,3
5092,5
5093,6
5094,0
5095,6
5096,9
5097,9
5098,3
5099,6
5100,5
5101,5
5102,6
5103,6
5104,2
5105,0
5106,2
5107,0
5108,2
5109,3
5110,3
5111,1
5112,3
5113,3
5114,9
5115,0
5116,1
5117,2
5118,0
5119,3
5120,1
5121,6
5122,0
5123,3
5124,3
5125,8
5126,2
5127,5
5128,4
5129,7
5130,6
5131,7
5132,1
5133,3
5134,5
5135,0
5136,5
5137,6
5138,6
5139,8
5140,3
5141,4
5142,7
5143,5
5144,0
5145,0
5146,3
5147,3
5148,1
5149,3
5150,0
5151,5
5152,2
5153,3
5154,2
5155,0
5156,3
5157,7
5158,1
5159,9
5160,1
5161,1
5162,7
5163,0
5164,7
5165,3
5166,5
5167,9
5168,5
5169,2
5170,1
5171,3
5172,8
5173,5
5174,2
5175,7
5176,9
5177,7
5178,2
5179,1
5180,4
5181,5
5182,1
5183,1
5184,8
5185,6
5186,5
5187,1
5188,4
5189,0
5190,2
5191,7
5192,2
5193,7
5194,9
5195,3
5196,3
5197,1
5198,4
5199,4
5200,2
5201,6
5202,8
5203,7
5204,8
5205,7
5206,2
5207,5
5208,6
5209,5
5210,2
5211,6
5212,3
5213,5
5214,9
5215,3
5216,3
5217,2
5218,1
5219,1
5220,3
5221,1
5222,1
5223,3
5224,7
5225,2
5226,9
5227,0
5228,3
5229,8
5230,8
5231,5
5232,2
5233,9
5234,6
5235,9
5236,1
5237,8
5238,1
5239,2
5240,0
5241,1
5242,6
5243,1
5244,6
5245,9
5246,1
5247,7
5248,3
5249,8
5250,4
5251,2
5252,4
5253,8
5254,9
5255,4
5256,9
5257,7
5258,1
5259,5
5260,7
5261,8
5262,7
5263,6
5264,8
5265,0
5266,7
5267,0
5268,2
5269,0
5270,3
5271,0
5272,5
5273,6
5274,4
5275,4
5276,8
5277,3
5278,2
5279,4
5280,3
5281,5
5282,8
5283,0
5284,5
5285,3
5286,5
5287,3
5288,4
5289,4
5290,6
5291,0
5292,4
5293,8
5294,6
5295,3
5296,8
5297,0
5298,8
5299,4
5300,1
5301,5
5302,0
5303,2
5304,6
5305,7
5306,3
5307,7
5308,0
5309,7
5310,1
5311,0
5312,2
5313,7
5314,3
5315,7
5316,6
5317,3
5318,1
5319,7
5320,6
5321,1
5322,6
5323,2
5324,1
5325,9
5326,2
5327,6
5328,4
5329,3
5330,9
5331,5
5332,9
5333,2
5334,5
5335,1
5336,4
5337,4
5338,4
5339,3
5340,7
5341,1
5342,1
5343,5
5344,6
5345,0
5346,0
5347,2
5348,3
5349,7
5350,7
5351,2
5352,1
5353,5
5354,6
5355,0
5356,6
5357,2
5358,2
5359,4
5360,9
5361,7
5362,4
5363,8
5364,1
5365,3
5366,2
5367,5
5368,7
5369,9
5370,2
5371,2
5372,0
5373,4
5374,7
5375,0
5376,3
5377,4
5378,8
5379,7
5380,4
5381,6
5382,4
5383,6
5384,7
5385,3
5386,8
5387,1
5388,4
5389,4
5390,2
5391,2
5392,0
5393,3
5394,0
5395,1
5396,3
5397,0
5398,3
5399,5
5400,9
5401,2
5402,3
5403,5
5404,8
5405,2
5406,7
5407,6
5408,1
5409,9
5410,1
5411,7
5412,4
5413,7
5414,5
5415,8
5416,5
5417,9
5418,7
5419,8
5420,3
5421,9
5422,7
5423,1
5424,4
5425,7
5426,9
5427,2
5428,5
5429,1
5430,8
5431,3
5432,1
5433,3
5434,8
5435,0
5436,8
5437,8
5438,3
5439,1
5440,0
5441,5
5442,7
5443,9
5444,5
5445,8
5446,1
5447,2
5448,7
5449,9
5450,9
5451,8
5452,8
5453,4
5454,2
5455,1
5456,1
5457,2
5458,1
5459,8
5460,8
5461,1
5462,4
5463,1
5464,4
5465,8
5466,7
5467,9
5468,6
5469,4
5470,7
5471,3
5472,9
5473,5
5474,3
5475,2
5476,1
5477,6
5478,7
5479,5
5480,4
5481,9
5482,7
5483,7
5484,1
5485,8
5486,8
5487,2
5488,1
5489,3
5490,5
5491,1
5492,5
5493,1
5494,0
5495,9
5496,1
5497,5
5498,0
5499,2
5500,2
5501,9
5502,4
5503,1
5504,9
5505,4
5506,3
5507,1
5508,6
5509,5
5510,9
5511,4
5512,7
5513,0
5514,4
5515,8
5516,0
5517,3
5518,2
5519,1
5520,3
5521,6
5522,2
5523,9
5524,2
5525,0
5526,6
5527,1
5528,4
5529,3
5530,0
5531,3
5532,0
5533,9
5534,0
5535,1
5536,1
5537,1
5538,8
5539,4
5540,1
5541,2
5542,7
5543,6
5544,5
5545,1
5546,4
5547,7
5548,1
5549,7
5550,9
5551,4
5552,7
5553,0
5554,3
5555,7
5556,7
5557,8
5558,9
5559,2
5560,6
5561,2
5562,4
5563,3
5564,2
5565,9
5566,6
5567,3
5568,3
5569,2
5570,8
5571,3
5572,5
5573,8
5574,6
5575,0
5576,0
5577,9
5578,3
5579,0
5580,4
5581,6
5582,3
5583,4
5584,9
5585,1
5586,5
5587,9
5588,6
5589,1
5590,0
5591,4
5592,8
5593,3
5594,2
5595,4
5596,6
5597,2
5598,5
5599,9
5600,4
5601,1
5602,3
5603,4
5604,8
5605,7
5606,8
5607,0
5608,6
5609,7
5610,4
5611,7
5612,4
5613,4
5614,4
5615,1
5616,5
5617,4
5618,4
5619,6
5620,6
5621,6
5622,8
5623,8
5624,6
5625,6
5626,5
5627,4
5628,7
5629,1
5630,1
5631,7
5632,7
5633,1
5634,1
5635,0
5636,7
5637,7
5638,1
5639,1
5640,9
5641,1
5642,1
5643,2
5644,4
5645,3
5646,8
5647,1
5648,3
5649,8
5650,9
5651,5
5652,3
5653,6
5654,1
5655,7
5656,0
5657,2
5658,8
5659,6
5660,1
5661,7
5662,8
5663,1
5664,7
5665,5
5666,1
5667,6
5668,8
5669,7
5670,8
5671,6
5672,9
5673,8
5674,1
5675,7
5676,6
5677,3
5678,2
5679,9
5680,9
5681,0
5682,2
5683,4
5684,1
5685,1
5686,3
5687,8
5688,9
5689,8
5690,3
5691,9
5692,1
5693,0
5694,9
5695,2
5696,9
5697,7
5698,4
5699,3
5700,3
5701,7
5702,3
5703,3
5704,9
5705,4
5706,7
5707,2
5708,8
5709,1
5710,6
5711,3
5712,8
5713,8
5714,3
5715,8
5716,1
5717,4
5718,3
5719,7
5720,6
5721,7
5722,5
5723,3
5724,8
5725,8
5726,4
5727,1
5728,7
5729,0
5730,3
5731,8
5732,8
5733,6
5734,6
5735,6
5736,7
5737,9
5738,7
5739,2
5740,6
5741,1
5742,6
5743,9
5744,3
5745,1
5746,6
5747,6
5748,0
5749,1
5750,1
5751,6
5752,2
5753,5
5754,0
5755,0
5756,3
5757,1
5758,8
5759,7
5760,6
5761,8
5762,7
5763,2
5764,9
5765,7
5766,0
5767,3
5768,7
5769,4
5770,4
5771,3
5772,6
5773,4
5774,3
5775,3
5776,6
5777,2
5778,0
5779,0
5780,7
5781,7
5782,1
5783,1
5784,3
5785,5
5786,5
5787,5
5788,4
5789,1
5790,7
5791,2
5792,9
5793,3
5794,4
5795,4
5796,2
5797,2
5798,4
5799,7
5800,6
5801,0
5802,0
5803,3
5804,5
5805,7
5806,9
5807,2
5808,8
5809,9
5810,9
5811,1
5812,3
5813,0
5814,1
5815,1
5816,2
5817,9
5818,9
5819,0
5820,0
5821,8
5822,5
5823,6
5824,2
5825,0
5826,6
5827,0
5828,2
5829,2
5830,9
5831,4
5832,3
5833,0
5834,1
5835,0
5836,2
5837,6
5838,7
5839,5
5840,7
5841,7
5842,0
5843,8
5844,8
5845,3
5846,2
5847,3
5848,5
5849,5
5850,8
5851,7
5852,4
5853,7
5854,5
5855,3
5856,9
5857,9
5858,3
5859,0
5860,4
5861,0
5862,7
5863,7
5864,6
5865,3
5866,3
5867,1
5868,5
5869,1
5870,7
5871,9
5872,5
5873,7
5874,1
5875,2
5876,5
5877,0
5878,1
5879,3
5880,2
5881,8
5882,6
5883,5
5884,3
5885,9
5886,4
5887,5
5888,3
5889,7
5890,3
5891,8
5892,2
5893,7
5894,9
5895,0
5896,8
5897,8
5898,7
5899,8
5900,0
5901,2
5902,7
5903,3
5904,7
5905,4
5906,6
5907,4
5908,8
5909,9
5910,1
5911,3
5912,5
5913,3
5914,1
5915,2
5916,3
5917,6
5918,0
5919,1
5920,0
5921,5
5922,6
5923,2
5924,7
5925,3
5926,8
5927,1
5928,3
5929,9
5930,5
5931,4
5932,3
5933,1
5934,3
5935,1
5936,5
5937,2
5938,5
5939,7
5940,8
5941,7
5942,6
5943,5
5944,3
5945,3
5946,4
5947,1
5948,7
5949,2
5950,5
5951,3
5952,3
5953,5
5954,3
5955,6
5956,4
5957,3
5958,7
5959,0
5960,1
5961,0
5962,7
5963,2
5964,7
5965,7
5966,1
5967,6
5968,9
5969,9
5970,0
5971,8
5972,0
5973,3
5974,0
5975,2
5976,8
5977,0
5978,2
5979,7
5980,1
5981,6
5982,4
5983,3
5984,5
5985,5
5986,4
5987,1
5988,2
5989,2
5990,8
5991,6
5992,4
5993,4
5994,0
5995,9
5996,4
5997,4
5998,6
5999,0
6000,0
6001,5
6002,7
6003,5
6004,8
6005,4
6006,8
6007,3
6008,7
6009,3
6010,1
6011,1
6012,8
6013,5
6014,7
6015,2
6016,5
6017,8
6018,7
6019,2
6020,6
6021,7
6022,0
6023,3
6024,4
6025,7
6026,7
6027,6
6028,6
6029,3
6030,3
6031,6
6032,5
6033,6
6034,1
6035,3
6036,8
6037,8
6038,6
6039,0
6040,6
6041,9
6042,8
6043,6
6044,3
6045,9
6046,9
6047,1
6048,7
6049,9
6050,8
6051,6
6052,0
6053,5
6054,4
6055,3
6056,2
6057,3
6058,3
6059,7
6060,6
6061,8
6062,7
6063,3
6064,4
6065,1
6066,3
6067,3
6068,9
6069,8
6070,5
6071,0
6072,3
6073,0
6074,5
6075,8
6076,5
6077,7
6078,5
6079,6
6080,2
6081,9
6082,6
6083,6
6084,3
6085,4
6086,9
6087,2
6088,0
6089,2
6090,1
6091,0
6092,2
6093,9
6094,7
6095,2
6096,5
6097,0
6098,5
6099,9
6100,0
6101,3
6102,8
6103,0
6104,3
6105,3
6106,6
6107,3
6108,7
6109,4
6110,1
6111,4
6112,6
6113,2
6114,0
6115,3
6116,7
6117,3
6118,3
6119,1
6120,6
6121,1
6122,6
6123,4
6124,7
6125,6
6126,2
6127,4
6128,9
6129,7
6130,0
6131,4
6132,8
6133,1
6134,3
6135,0
6136,4
6137,3
6138,4
6139,2
6140,5
6141,7
6142,8
6143,1
6144,0
6145,3
6146,6
6147,7
6148,7
6149,1
6150,6
6151,1
6152,2
6153,0
6154,5
6155,5
6156,0
6157,8
6158,7
6159,2
6160,3
6161,3
6162,1
6163,3
6164,9
6165,0
6166,9
6167,1
6168,0
6169,2
6170,1
6171,0
6172,8
6173,1
6174,9
6175,7
6176,9
6177,0
6178,3
6179,1
6180,9
6181,7
6182,0
6183,4
6184,2
6185,8
6186,3
6187,6
6188,3
6189,8
6190,1
6191,8
6192,1
6193,4
6194,8
6195,9
6196,1
6197,3
6198,4
6199,3
6200,9
6201,2
6202,0
6203,0
6204,0
6205,4
6206,1
6207,3
6208,0
6209,7
6210,2
6211,3
6212,4
6213,5
6214,4
6215,7
6216,0
6217,7
6218,6
6219,2
6220,7
6221,4
6222,0
6223,8
6224,1
6225,3
6226,1
6227,1
6228,1
6229,8
6230,3
6231,5
6232,6
6233,1
6234,3
6235,5
6236,7
6237,2
6238,1
6239,1
6240,0
6241,1
6242,4
6243,7
6244,7
6245,5
6246,2
6247,1
6248,4
6249,5
6250,4
6251,1
6252,1
6253,3
6254,6
6255,7
6256,0
6257,1
6258,8
6259,9
6260,2
6261,7
6262,8
6263,7
6264,3
6265,7
6266,0
6267,7
6268,9
6269,4
6270,0
6271,0
6272,2
6273,7
6274,1
6275,3
6276,3
6277,1
6278,0
6279,1
6280,0
6281,6
6282,2
6283,6
6284,3
6285,0
6286,1
6287,0
6288,7
6289,3
6290,6
6291,8
6292,8
6293,2
6294,3
6295,0
6296,5
6297,7
6298,1
6299,6
6300,6
6301,5
6302,0
6303,3
6304,3
6305,8
6306,9
6307,1
6308,5
6309,9
6310,5
6311,6
6312,2
6313,6
6314,5
6315,7
6316,0
6317,5
6318,6
6319,3
6320,2
6321,5
6322,0
6323,7
6324,5
6325,1
6326,3
6327,0
6328,6
6329,4
6330,1
6331,8
6332,7
6333,7
6334,3
6335,2
6336,6
6337,2
6338,2
6339,4
6340,0
6341,9
6342,4
6343,5
6344,7
6345,2
6346,8
6347,1
6348,4
6349,0
6350,1
6351,3
6352,2
6353,5
6354,3
6355,3
6356,6
6357,6
6358,1
6359,8
6360,7
6361,5
6362,2
6363,2
6364,6
6365,7
6366,9
6367,2
6368,6
6369,7
6370,0
6371,0
6372,7
6373,9
6374,3
6375,0
6376,5
6377,1
6378,3
6379,4
6380,1
6381,9
6382,2
6383,8
6384,2
6385,1
6386,4
6387,8
6388,4
6389,5
6390,4
6391,6
6392,9
6393,7
6394,4
6395,2
6396,5
6397,7
6398,8
6399,0
6400,2
6401,1
6402,4
6403,0
6404,3
6405,4
6406,1
6407,0
6408,3
6409,2
6410,3
6411,0
6412,3
6413,8
6414,7
6415,3
6416,5
6417,5
6418,4
6419,4
6420,1
6421,7
6422,9
6423,3
6424,0
6425,7
6426,7
6427,8
6428,4
6429,1
6430,8
6431,4
6432,7
6433,3
6434,1
6435,3
6436,7
6437,2
6438,3
6439,9
6440,2
6441,1
6442,8
6443,1
6444,1
6445,0
6446,9
6447,6
6448,9
6449,1
6450,8
6451,0
6452,7
6453,0
6454,0
6455,1
6456,5
6457,2
6458,7
6459,9
6460,9
6461,7
6462,4
6463,9
6464,5
6465,2
6466,1
6467,8
6468,4
6469,0
6470,2
6471,6
6472,1
6473,4
6474,4
6475,1
6476,2
6477,0
6478,9
6479,4
6480,6
6481,6
6482,5
6483,8
6484,2
6485,1
6486,0
6487,5
6488,2
6489,1
6490,5
6491,9
6492,7
6493,2
6494,3
6495,4
6496,5
6497,3
6498,1
6499,1
6500,7
6501,7
6502,1
6503,2
6504,9
6505,4
6506,3
6507,4
6508,1
6509,3
6510,1
6511,7
6512,3
6513,3
6514,2
6515,0
6516,0
6517,9
6518,4
6519,4
6520,1
6521,4
6522,3
6523,9
6524,5
6525,5
6526,1
6527,4
6528,5
6529,3
6530,5
6531,3
6532,7
6533,2
6534,2
6535,4
6536,5
6537,5
6538,8
6539,2
6540,8
6541,9
6542,8
6543,1
6544,1
6545,1
6546,2
6547,6
6548,1
6549,1
6550,3
6551,6
6552,8
6553,5
6554,3
6555,5
6556,0
6557,5
6558,7
6559,1
6560,3
6561,3
6562,2
6563,1
6564,8
6565,0
6566,6
6567,1
6568,7
6569,9
6570,9
6571,4
6572,4
6573,0
6574,7
6575,8
6576,3
6577,4
6578,9
6579,6
6580,9
6581,0
6582,6
6583,3
6584,2
6585,3
6586,2
6587,9
6588,0
6589,0
6590,9
6591,9
6592,1
6593,4
6594,6
6595,8
6596,3
6597,4
6598,9
6599,9
6600,1
6601,0
6602,5
6603,9
6604,0
6605,1
6606,7
6607,5
6608,3
6609,2
6610,1
6611,5
6612,5
6613,1
6614,7
6615,0
6616,5
6617,7
6618,6
6619,8
6620,1
6621,9
6622,3
6623,4
6624,0
6625,9
6626,0
6627,2
6628,4
6629,8
6630,3
6631,4
6632,0
6633,1
6634,5
6635,1
6636,2
6637,3
6638,7
6639,2
6640,7
6641,7
6642,6
6643,2
6644,1
6645,8
6646,8
6647,4
6648,0
6649,0
6650,5
6651,9
6652,0
6653,7
6654,3
6655,3
6656,5
6657,9
6658,1
6659,5
6660,8
6661,5
6662,5
6663,2
6664,5
6665,9
6666,3
6667,1
6668,6
6669,4
6670,3
6671,1
6672,9
6673,5
6674,1
6675,9
6676,9
6677,4
6678,7
6679,9
6680,9
6681,5
6682,8
6683,1
6684,4
6685,4
6686,7
6687,3
6688,7
6689,5
6690,4
6691,1
6692,7
6693,1
6694,7
6695,6
6696,8
6697,3
6698,9
6699,4
6700,9
6701,0
6702,1
6703,8
6704,9
6705,8
6706,3
6707,7
6708,5
6709,5
6710,7
6711,3
6712,9
6713,2
6714,0
6715,4
6716,6
6717,2
6718,6
6719,3
6720,2
6721,1
6722,5
6723,2
6724,6
6725,3
6726,4
6727,3
6728,3
6729,3
6730,4
6731,8
6732,0
6733,6
6734,6
6735,6
6736,3
6737,7
6738,1
6739,9
6740,6
6741,3
6742,7
6743,3
6744,9
6745,3
6746,9
6747,9
6748,8
6749,7
6750,3
6751,0
6752,0
6753,1
6754,5
6755,7
6756,1
6757,2
6758,2
6759,7
6760,0
6761,4
6762,7
6763,6
6764,3
6765,3
6766,4
6767,4
6768,6
6769,6
6770,3
6771,7
6772,3
6773,1
6774,2
6775,5
6776,4
6777,6
6778,7
6779,9
6780,7
6781,2
6782,5
6783,1
6784,4
6785,4
6786,3
6787,3
6788,0
6789,3
6790,3
6791,3
6792,7
6793,2
6794,7
6795,7
6796,3
6797,4
6798,5
6799,6
6800,2
6801,7
6802,8
6803,0
6804,6
6805,4
6806,3
6807,0
6808,6
6809,1
6810,1
6811,8
6812,3
6813,0
6814,1
6815,2
6816,5
6817,1
6818,4
6819,0
6820,8
6821,4
6822,9
6823,5
6824,1
6825,4
6826,0
6827,9
6828,9
6829,7
6830,8
6831,7
6832,4
6833,6
6834,7
6835,2
6836,8
6837,2
6838,3
6839,9
6840,0
6841,2
6842,7
6843,2
6844,8
6845,3
6846,5
6847,6
6848,6
6849,4
6850,1
6851,5
6852,4
6853,7
6854,8
6855,8
6856,6
6857,7
6858,4
6859,1
6860,2
6861,0
6862,1
6863,7
6864,5
6865,8
6866,5
6867,1
6868,1
6869,0
6870,1
6871,1
6872,5
6873,9
6874,5
6875,2
6876,4
6877,3
6878,1
6879,6
6880,3
6881,3
6882,0
6883,4
6884,2
6885,1
6886,6
6887,3
6888,2
6889,8
6890,4
6891,0
6892,3
6893,9
6894,5
6895,7
6896,1
6897,4
6898,0
6899,9
6900,5
6901,0
6902,4
6903,3
6904,5
6905,1
6906,8
6907,3
6908,9
6909,8
6910,4
6911,5
6912,3
6913,3
6914,5
6915,0
6916,6
6917,8
6918,0
6919,9
6920,0
6921,8
6922,3
6923,4
6924,8
6925,9
6926,9
6927,2
6928,3
6929,4
6930,4
6931,5
6932,7
6933,3
6934,9
6935,8
6936,4
6937,8
6938,4
6939,6
6940,7
6941,2
6942,0
6943,8
6944,1
6945,7
6946,3
6947,0
6948,3
6949,4
6950,4
6951,3
6952,2
6953,1
6954,0
6955,3
6956,6
6957,6
6958,3
6959,2
6960,4
6961,4
6962,4
6963,6
6964,7
6965,0
6966,6
6967,5
6968,3
6969,2
6970,4
6971,3
6972,0
6973,4
6974,6
6975,9
6976,3
6977,8
6978,2
6979,0
6980,2
6981,4
6982,5
6983,3
6984,9
6985,0
6986,6
6987,3
6988,3
6989,4
6990,0
6991,2
6992,3
6993,8
6994,4
6995,3
6996,7
6997,0
6998,3
6999,1
7000,9
7001,4
7002,4
7003,7
7004,3
7005,3
7006,1
7007,7
7008,1
7009,0
7010,1
7011,9
7012,5
7013,7
7014,2
7015,7
7016,7
7017,0
7018,3
7019,5
7020,7
7021,4
7022,6
7023,4
7024,0
7025,7
7026,5
7027,9
7028,7
7029,3
7030,5
7031,9
7032,9
7033,4
7034,2
7035,4
7036,4
7037,1
7038,8
7039,9
7040,6
7041,0
7042,9
7043,6
7044,9
7045,9
7046,2
7047,3
7048,0
7049,3
7050,2
7051,8
7052,0
7053,3
7054,0
7055,8
7056,2
7057,8
7058,0
7059,3
7060,6
7061,2
7062,5
7063,5
7064,8
7065,8
7066,3
7067,1
7068,0
7069,4
7070,4
7071,5
7072,0
7073,3
7074,6
7075,0
7076,6
7077,0
7078,4
7079,2
7080,1
7081,4
7082,5
7083,0
7084,9
7085,3
7086,6
7087,1
7088,6
7089,3
7090,7
7091,7
7092,3
7093,9
7094,0
7095,4
7096,2
7097,7
7098,6
7099,3
7100,1
7101,0
7102,1
7103,6
7104,3
7105,9
7106,4
7107,4
7108,0
7109,8
7110,7
7111,3
7112,2
7113,7
7114,4
7115,3
7116,4
7117,7
7118,9
7119,0
7120,2
7121,1
7122,8
7123,4
7124,0
7125,6
7126,9
7127,8
7128,6
7129,2
7130,7
7131,1
7132,1
7133,8
7134,9
7135,3
7136,0
7137,6
7138,9
7139,7
7140,2
7141,2
7142,7
7143,3
7144,1
7145,6
7146,8
7147,0
7148,0
7149,2
7150,0
7151,0
7152,8
7153,4
7154,2
7155,0
7156,0
7157,3
7158,5
7159,1
7160,4
7161,4
7162,6
7163,8
7164,8
7165,3
7166,4
7167,7
7168,6
7169,0
7170,0
7171,1
7172,4
7173,4
7174,3
7175,7
7176,8
7177,6
7178,6
7179,5
7180,5
7181,9
7182,3
7183,3
7184,8
7185,9
7186,5
7187,3
7188,3
7189,7
7190,3
7191,7
7192,5
7193,3
7194,3
7195,9
7196,3
7197,0
7198,5
7199,1
7200,3
7201,8
7202,5
7203,0
7204,9
7205,3
7206,6
7207,9
7208,0
7209,8
7210,3
7211,8
7212,5
7213,0
7214,4
7215,2
7216,3
7217,7
7218,0
7219,2
7220,2
7221,0
7222,0
7223,0
7224,3
7225,4
7226,3
7227,6
7228,2
7229,8
7230,1
7231,3
7232,0
7233,0
7234,9
7235,0
7236,3
7237,7
7238,1
7239,2
7240,0
7241,9
7242,6
7243,5
7244,2
7245,6
7246,4
7247,8
7248,7
7249,1
7250,6
7251,4
7252,0
7253,7
7254,0
7255,0
7256,1
7257,7
7258,0
7259,2
7260,8
7261,1
7262,1
7263,9
7264,2
7265,6
7266,1
7267,8
7268,4
7269,2
7270,0
7271,9
7272,3
7273,9
7274,5
7275,7
7276,2
7277,9
7278,3
7279,4
7280,6
7281,5
7282,6
7283,7
7284,0
7285,9
7286,4
7287,6
7288,3
7289,3
7290,3
7291,7
7292,5
7293,3
7294,7
7295,8
7296,2
7297,9
7298,4
7299,6
7300,3
7301,7
7302,0
7303,4
7304,7
7305,4
7306,2
7307,3
7308,1
7309,2
7310,6
7311,1
7312,0
7313,6
7314,1
7315,9
7316,4
7317,3
7318,6
7319,1
7320,7
7321,5
7322,6
7323,4
7324,3
7325,9
7326,6
7327,3
7328,4
7329,7
7330,3
7331,3
7332,9
7333,8
7334,6
7335,0
7336,6
7337,1
7338,9
7339,2
7340,9
7341,4
7342,1
7343,4
7344,7
7345,5
7346,5
7347,0
7348,1
7349,4
7350,8
7351,1
7352,7
7353,7
7354,3
7355,0
7356,7
7357,4
7358,4
7359,6
7360,3
7361,8
7362,0
7363,5
7364,4
7365,2
7366,4
7367,1
7368,7
7369,6
7370,3
7371,1
7372,0
7373,1
7374,5
7375,9
7376,9
7377,5
7378,9
7379,8
7380,7
7381,3
7382,4
7383,8
7384,3
7385,1
7386,0
7387,3
7388,4
7389,0
7390,0
7391,0
7392,4
7393,6
7394,0
7395,6
7396,5
7397,9
7398,7
7399,7
7400,6
7401,7
7402,5
7403,2
7404,0
7405,2
7406,7
7407,3
7408,6
7409,1
7410,3
7411,9
7412,1
7413,7
7414,7
7415,0
7416,2
7417,3
7418,1
7419,3
7420,9
7421,0
7422,1
7423,7
7424,6
7425,1
7426,1
7427,1
7428,3
7429,8
7430,1
7431,0
7432,2
7433,1
7434,6
7435,7
7436,3
7437,1
7438,7
7439,5
7440,4
7441,6
7442,0
7443,0
7444,1
7445,0
7446,5
7447,6
7448,6
7449,4
7450,5
7451,6
7452,9
7453,6
7454,9
7455,1
7456,1
7457,8
7458,8
7459,9
7460,6
7461,9
7462,7
7463,3
7464,1
7465,4
7466,2
7467,4
7468,7
7469,2
7470,2
7471,5
7472,5
7473,3
7474,6
7475,6
7476,5
7477,9
7478,5
7479,8
7480,4
7481,4
7482,7
7483,6
7484,1
7485,6
7486,5
7487,4
7488,1
7489,2
7490,5
7491,8
7492,3
7493,9
7494,4
7495,7
7496,8
7497,2
7498,8
7499,3
7500,6
7501,2
7502,3
7503,7
7504,4
7505,9
7506,9
7507,0
7508,0
7509,6
7510,0
7511,3
7512,5
7513,3
7514,3
7515,1
7516,9
7517,1
7518,8
7519,3
7520,9
7521,0
7522,0
7523,0
7524,8
7525,3
7526,1
7527,2
7528,2
7529,0
7530,7
7531,7
7532,3
7533,5
7534,0
7535,8
7536,8
7537,0
7538,5
7539,6
7540,0
7541,8
7542,2
7543,0
7544,6
7545,1
7546,7
7547,0
7548,2
7549,2
7550,8
7551,9
7552,1
7553,6
7554,6
7555,1
7556,3
7557,8
7558,5
7559,7
7560,2
7561,0
7562,1
7563,3
7564,9
7565,3
7566,9
7567,4
7568,6
7569,5
7570,7
7571,9
7572,3
7573,8
7574,8
7575,9
7576,3
7577,5
7578,5
7579,3
7580,4
7581,1
7582,3
7583,3
7584,5
7585,2
7586,9
7587,5
7588,3
7589,4
7590,6
7591,1
7592,0
7593,8
7594,7
7595,1
7596,7
7597,9
7598,3
7599,5
7600,2
7601,3
7602,1
7603,0
7604,9
7605,1
7606,2
7607,6
7608,1
7609,4
7610,2
7611,3
7612,6
7613,7
7614,2
7615,3
7616,8
7617,0
7618,2
7619,2
7620,9
7621,6
7622,6
7623,6
7624,7
7625,6
7626,5
7627,1
7628,0
7629,5
7630,1
7631,0
7632,0
7633,7
7634,1
7635,0
7636,8
7637,0
7638,1
7639,8
7640,8
7641,6
7642,8
7643,4
7644,5
7645,2
7646,4
7647,4
7648,8
7649,6
7650,8
7651,0
7652,0
7653,0
7654,2
7655,9
7656,1
7657,2
7658,3
7659,7
7660,1
7661,3
7662,7
7663,8
7664,7
7665,8
7666,7
7667,6
7668,9
7669,4
7670,7
7671,2
7672,0
7673,9
7674,8
7675,4
7676,2
7677,8
7678,7
7679,1
7680,2
7681,2
7682,4
7683,5
7684,3
7685,0
7686,5
7687,8
7688,6
7689,2
7690,7
7691,0
7692,4
7693,5
7694,6
7695,8
7696,0
7697,1
7698,3
7699,6
7700,8
7701,3
7702,8
7703,7
7704,6
7705,4
7706,0
7707,9
7708,3
7709,1
7710,4
7711,0
7712,2
7713,9
7714,0
7715,4
7716,9
7717,7
7718,1
7719,2
7720,0
7721,3
7722,9
7723,8
7724,2
7725,6
7726,0
7727,5
7728,6
7729,0
7730,3
7731,4
7732,0
7733,5
7734,8
7735,8
7736,2
7737,9
7738,0
7739,4
7740,1
7741,6
7742,8
7743,7
7744,8
7745,8
7746,3
7747,0
7748,0
7749,6
7750,3
7751,4
7752,1
7753,9
7754,0
7755,3
7756,1
7757,2
7758,2
7759,7
7760,4
7761,4
7762,4
7763,7
7764,8
7765,0
7766,5
7767,5
7768,5
7769,1
7770,7
7771,1
7772,0
7773,4
7774,6
7775,3
7776,5
7777,4
7778,6
7779,2
7780,2
7781,3
7782,5
7783,0
7784,8
7785,2
7786,5
7787,1
7788,8
7789,6
7790,6
7791,2
7792,3
7793,5
7794,5
7795,0
7796,3
7797,2
7798,2
7799,3
7800,3
7801,7
7802,8
7803,9
7804,6
7805,8
7806,0
7807,5
7808,2
7809,0
7810,9
7811,1
7812,7
7813,8
7814,0
7815,9
7816,1
7817,3
7818,2
7819,0
7820,1
7821,7
7822,6
7823,1
7824,9
7825,3
7826,2
7827,3
7828,3
7829,8
7830,3
7831,7
7832,9
7833,3
7834,0
7835,6
7836,1
7837,3
7838,3
7839,6
7840,6
7841,8
7842,1
7843,8
7844,8
7845,2
7846,3
7847,5
7848,3
7849,3
7850,4
7851,0
7852,6
7853,3
7854,1
7855,7
7856,1
7857,5
7858,1
7859,7
7860,2
7861,4
7862,1
7863,2
7864,8
7865,8
7866,6
7867,0
7868,7
7869,0
7870,9
7871,1
7872,2
7873,6
7874,4
7875,7
7876,3
7877,4
7878,7
7879,4
7880,5
7881,3
7882,0
7883,2
7884,4
7885,6
7886,3
7887,2
7888,5
7889,1
7890,7
7891,1
7892,8
7893,0
7894,1
7895,7
7896,6
7897,3
7898,5
7899,0
7900,4
7901,5
7902,2
7903,1
7904,6
7905,2
7906,6
7907,5
7908,9
7909,9
7910,8
7911,0
7912,0
7913,6
7914,5
7915,0
7916,7
7917,1
7918,7
7919,9
7920,4
7921,9
7922,5
7923,4
7924,9
7925,9
7926,5
7927,6
7928,4
7929,9
7930,0
7931,1
7932,7
7933,6
7934,1
7935,7
7936,9
7937,3
7938,9
7939,6
7940,8
7941,7
7942,8
7943,8
7944,7
7945,7
7946,1
7947,9
7948,0
7949,8
7950,7
7951,5
7952,7
7953,3
7954,0
7955,7
7956,3
7957,1
7958,1
7959,4
7960,0
7961,7
7962,8
7963,7
7964,0
7965,3
7966,1
7967,1
7968,0
7969,6
7970,1
7971,7
7972,1
7973,1
7974,4
7975,7
7976,7
7977,4
7978,2
7979,2
7980,8
7981,7
7982,7
7983,1
7984,2
7985,0
7986,1
7987,3
7988,2
7989,2
7990,6
7991,6
7992,5
7993,2
7994,3
7995,1
7996,0
7997,3
7998,0
7999,0
8000,3
8001,2
8002,3
8003,3
8004,7
8005,8
8006,3
8007,4
8008,1
8009,0
8010,9
8011,7
8012,3
8013,1
8014,3
8015,7
8016,6
8017,2
8018,2
8019,1
8020,8
8021,5
8022,7
8023,0
8024,7
8025,3
8026,2
8027,1
8028,0
8029,0
8030,8
8031,6
8032,9
8033,8
8034,6
8035,6
8036,6
8037,3
8038,3
8039,5
8040,3
8041,4
8042,7
8043,5
8044,3
8045,0
8046,4
8047,4
8048,9
8049,5
8050,7
8051,3
8052,9
8053,3
8054,7
8055,2
8056,8
8057,4
8058,6
8059,4
8060,4
8061,7
8062,6
8063,1
8064,5
8065,9
8066,8
8067,0
8068,1
8069,4
8070,3
8071,6
8072,2
8073,1
8074,4
8075,6
8076,7
8077,3
8078,0
8079,4
8080,3
8081,6
8082,6
8083,6
8084,1
8085,9
8086,7
8087,6
8088,6
8089,1
8090,6
8091,5
8092,9
8093,4
8094,2
8095,4
8096,6
8097,3
8098,9
8099,1
8100,9
8101,4
8102,1
8103,0
8104,0
8105,0
8106,5
8107,2
8108,1
8109,2
8110,8
8111,1
8112,9
8113,0
8114,6
8115,3
8116,3
8117,0
8118,0
8119,2
8120,6
8121,8
8122,1
8123,6
8124,1
8125,7
8126,5
8127,6
8128,6
8129,3
8130,0
8131,4
8132,2
8133,2
8134,8
8135,6
8136,4
8137,8
8138,2
8139,2
8140,3
8141,0
8142,4
8143,0
8144,5
8145,6
8146,5
8147,6
8148,0
8149,5
8150,3
8151,8
8152,3
8153,1
8154,7
8155,6
8156,3
8157,0
8158,8
8159,6
8160,7
8161,6
8162,7
8163,9
8164,7
8165,3
8166,3
8167,3
8168,2
8169,6
8170,1
8171,7
8172,7
8173,1
8174,8
8175,3
8176,9
8177,5
8178,1
8179,5
8180,0
8181,8
8182,3
8183,9
8184,6
8185,1
8186,7
8187,0
8188,0
8189,7
8190,5
8191,3
8192,3
8193,2
8194,7
8195,3
8196,9
8197,1
8198,2
8199,9
8200,6
8201,9
8202,9
8203,3
8204,9
8205,2
8206,2
8207,8
8208,2
8209,4
8210,0
8211,0
8212,1
8213,7
8214,6
8215,6
8216,1
8217,5
8218,7
8219,7
8220,9
8221,5
8222,4
8223,8
8224,2
8225,0
8226,9
8227,3
8228,0
8229,1
8230,4
8231,7
8232,8
8233,2
8234,5
8235,3
8236,1
8237,7
8238,9
8239,8
8240,1
8241,0
8242,8
8243,1
8244,6
8245,0
8246,1
8247,7
8248,8
8249,7
8250,4
8251,0
8252,3
8253,5
8254,0
8255,9
8256,4
8257,0
8258,7
8259,4
8260,3
8261,4
8262,0
8263,1
8264,3
8265,8
8266,0
8267,8
8268,3
8269,2
8270,3
8271,6
8272,2
8273,6
8274,6
8275,7
8276,9
8277,3
8278,8
8279,7
8280,0
8281,3
8282,3
8283,8
8284,8
8285,4
8286,8
8287,9
8288,2
8289,4
8290,5
8291,1
8292,0
8293,1
8294,4
8295,2
8296,0
8297,5
8298,4
8299,6
8300,1
8301,4
8302,9
8303,1
8304,8
8305,4
8306,1
8307,5
8308,3
8309,0
8310,6
8311,7
8312,9
8313,7
8314,8
8315,2
8316,8
8317,6
8318,4
8319,3
8320,4
8321,4
8322,6
8323,0
8324,3
8325,4
8326,8
8327,3
8328,8
8329,7
8330,8
8331,0
8332,5
8333,0
8334,2
8335,9
8336,2
8337,2
8338,8
8339,9
8340,1
8341,4
8342,9
8343,7
8344,1
8345,0
8346,6
8347,7
8348,0
8349,0
8350,4
8351,6
8352,2
8353,9
8354,7
8355,2
8356,3
8357,0
8358,6
8359,9
8360,5
8361,0
8362,4
8363,6
8364,3
8365,4
8366,1
8367,7
8368,2
8369,2
8370,9
8371,3
8372,4
8373,6
8374,0
8375,3
8376,9
8377,4
8378,2
8379,0
8380,1
8381,2
8382,3
8383,1
8384,8
8385,1
8386,5
8387,9
8388,3
8389,3
8390,5
8391,4
8392,8
8393,7
8394,7
8395,6
8396,6
8397,3
8398,1
8399,4
8400,6
8401,5
8402,0
8403,7
8404,9
8405,9
8406,4
8407,3
8408,8
8409,7
8410,0
8411,5
8412,2
8413,3
8414,1
8415,3
8416,6
8417,6
8418,9
8419,7
8420,4
8421,9
8422,6
8423,7
8424,2
8425,3
8426,8
8427,7
8428,6
8429,9
8430,0
8431,3
8432,2
8433,9
8434,4
8435,7
8436,3
8437,0
8438,0
8439,2
8440,7
8441,7
8442,5
8443,7
8444,7
8445,5
8446,4
8447,2
8448,4
8449,8
8450,1
8451,8
8452,5
8453,0
8454,5
8455,0
8456,0
8457,7
8458,3
8459,8
8460,9
8461,2
8462,3
8463,1
8464,7
8465,2
8466,4
8467,3
8468,9
8469,7
8470,8
8471,3
8472,3
8473,6
8474,0
8475,9
8476,4
8477,3
8478,2
8479,1
8480,3
8481,4
8482,1
8483,6
8484,3
8485,0
8486,6
8487,1
8488,6
8489,7
8490,6
8491,9
8492,4
8493,5
8494,4
8495,6
8496,2
8497,8
8498,7
8499,7
8500,4
8501,5
8502,0
8503,5
8504,9
8505,6
8506,3
8507,6
8508,3
8509,9
8510,9
8511,2
8512,9
8513,0
8514,8
8515,1
8516,4
8517,0
8518,1
8519,7
8520,0
8521,2
8522,9
8523,5
8524,2
8525,8
8526,3
8527,0
8528,2
8529,4
8530,8
8531,3
8532,3
8533,5
8534,2
8535,6
8536,1
8537,3
8538,7
8539,6
8540,7
8541,8
8542,0
8543,6
8544,5
8545,6
8546,3
8547,3
8548,1
8549,9
8550,6
8551,4
8552,6
8553,6
8554,0
8555,8
8556,3
8557,2
8558,1
8559,4
8560,5
8561,6
8562,4
8563,6
8564,7
8565,1
8566,4
8567,2
8568,8
8569,1
8570,6
8571,9
8572,9
8573,2
8574,7
8575,4
8576,9
8577,5
8578,3
8579,4
8580,5
8581,6
8582,5
8583,2
8584,3
8585,4
8586,2
8587,5
8588,2
8589,1
8590,9
8591,4
8592,4
8593,7
8594,8
8595,6
8596,8
8597,8
8598,4
8599,6
8600,0
8601,5
8602,6
8603,5
8604,1
8605,5
8606,1
8607,8
8608,2
8609,0
8610,7
8611,6
8612,8
8613,2
8614,2
8615,8
8616,4
8617,4
8618,2
8619,2
8620,5
8621,3
8622,7
8623,5
8624,3
8625,1
8626,9
8627,1
8628,6
8629,3
8630,8
8631,1
8632,4
8633,0
8634,0
8635,1
8636,9
8637,4
8638,3
8639,4
8640,4
8641,1
8642,2
8643,7
8644,9
8645,9
8646,8
8647,3
8648,2
8649,4
8650,7
8651,3
8652,3
8653,6
8654,6
8655,2
8656,2
8657,9
8658,6
8659,6
8660,4
8661,3
8662,6
8663,7
8664,8
8665,6
8666,2
8667,9
8668,9
8669,7
8670,3
8671,3
8672,3
8673,9
8674,2
8675,6
8676,8
8677,9
8678,6
8679,9
8680,2
8681,2
8682,8
8683,0
8684,1
8685,8
8686,0
8687,5
8688,0
8689,2
8690,6
8691,1
8692,6
8693,4
8694,1
8695,4
8696,1
8697,0
8698,1
8699,8
8700,8
8701,9
8702,0
8703,7
8704,2
8705,6
8706,2
8707,0
8708,3
8709,5
8710,0
8711,3
8712,4
8713,4
8714,9
8715,8
8716,3
8717,9
8718,2
8719,4
8720,6
8721,2
8722,7
8723,4
8724,3
8725,4
8726,0
8727,4
8728,7
8729,0
8730,0
8731,5
8732,3
8733,5
8734,4
8735,9
8736,8
8737,7
8738,1
8739,5
8740,1
8741,4
8742,1
8743,4
8744,9
8745,5
8746,2
8747,1
8748,5
8749,9
8750,5
8751,7
8752,4
8753,3
8754,7
8755,3
8756,4
8757,4
8758,3
8759,0
8760,3
8761,3
8762,7
8763,7
8764,2
8765,4
8766,1
8767,7
8768,1
8769,7
8770,9
8771,5
8772,3
8773,4
8774,3
8775,8
8776,7
8777,3
8778,3
8779,3
8780,2
8781,6
8782,3
8783,7
8784,0
8785,6
8786,7
8787,1
8788,1
8789,1
8790,9
8791,6
8792,6
8793,3
8794,1
8795,8
8796,3
8797,5
8798,7
8799,3
8800,7
8801,1
8802,4
8803,1
8804,7
8805,2
8806,1
8807,4
8808,7
8809,7
8810,6
8811,3
8812,7
8813,8
8814,7
8815,7
8816,8
8817,4
8818,8
8819,6
8820,2
8821,6
8822,6
8823,9
8824,0
8825,3
8826,6
8827,5
8828,5
8829,1
8830,4
8831,3
8832,5
8833,0
8834,3
8835,1
8836,7
8837,7
8838,3
8839,5
8840,4
8841,5
8842,6
8843,8
8844,7
8845,5
8846,4
8847,1
8848,9
8849,0
8850,1
8851,7
8852,4
8853,6
8854,9
8855,0
8856,5
8857,3
8858,0
8859,0
8860,4
8861,3
8862,4
8863,0
8864,7
8865,4
8866,3
8867,0
8868,8
8869,8
8870,2
8871,3
8872,2
8873,0
8874,0
8875,8
8876,9
8877,4
8878,2
8879,2
8880,7
8881,9
8882,9
8883,4
8884,6
8885,7
8886,1
8887,5
8888,1
8889,7
8890,1
8891,2
8892,6
8893,0
8894,3
8895,3
8896,6
8897,3
8898,1
8899,9
8900,3
8901,0
8902,0
8903,0
8904,0
8905,3
8906,4
8907,0
8908,2
8909,4
8910,3
8911,4
8912,6
8913,1
8914,0
8915,5
8916,3
8917,6
8918,7
8919,9
8920,2
8921,8
8922,0
8923,6
8924,3
8925,1
8926,3
8927,0
8928,0
8929,3
8930,6
8931,4
8932,1
8933,6
8934,0
8935,4
8936,3
8937,0
8938,0
8939,5
8940,8
8941,6
8942,2
8943,4
8944,6
8945,6
8946,0
8947,0
8948,0
8949,9
8950,2
8951,4
8952,2
8953,9
8954,3
8955,1
8956,1
8957,0
8958,9
8959,1
8960,2
8961,6
8962,5
8963,8
8964,2
8965,9
8966,0
8967,3
8968,7
8969,5
8970,1
8971,4
8972,1
8973,1
8974,9
8975,1
8976,3
8977,2
8978,8
8979,7
8980,3
8981,4
8982,7
8983,4
8984,6
8985,8
8986,4
8987,5
8988,5
8989,4
8990,1
8991,4
8992,0
8993,5
8994,6
8995,5
8996,3
8997,9
8998,0
8999,7
9000,6
9001,2
9002,8
9003,1
9004,8
9005,0
9006,1
9007,3
9008,8
9009,1
9010,0
9011,8
9012,1
9013,5
9014,7
9015,3
9016,3
9017,7
9018,6
9019,9
9020,7
9021,3
9022,5
9023,8
9024,4
9025,1
9026,6
9027,4
9028,2
9029,4
9030,9
9031,6
9032,1
9033,1
9034,2
9035,7
9036,7
9037,3
9038,6
9039,1
9040,3
9041,5
9042,0
9043,9
9044,5
9045,2
9046,9
9047,1
9048,3
9049,9
9050,4
9051,2
9052,6
9053,9
9054,3
9055,1
9056,1
9057,4
9058,2
9059,4
9060,7
9061,1
9062,3
9063,2
9064,7
9065,9
9066,6
9067,1
9068,2
9069,1
9070,0
9071,7
9072,4
9073,1
9074,6
9075,9
9076,7
9077,1
9078,4
9079,0
9080,9
9081,5
9082,6
9083,2
9084,8
9085,2
9086,0
9087,5
9088,7
9089,4
9090,2
9091,1
9092,1
9093,9
9094,8
9095,8
9096,1
9097,0
9098,0
9099,9
9100,7
9101,5
9102,2
9103,2
9104,7
9105,7
9106,7
9107,1
9108,8
9109,1
9110,6
9111,3
9112,4
9113,0
9114,9
9115,7
9116,7
9117,4
9118,0
9119,3
9120,1
9121,2
9122,0
9123,5
9124,3
9125,3
9126,6
9127,7
9128,6
9129,9
9130,0
9131,1
9132,6
9133,4
9134,3
9135,3
9136,2
9137,7
9138,6
9139,4
9140,7
9141,9
9142,9
9143,4
9144,2
9145,7
9146,1
9147,5
9148,7
9149,6
9150,5
9151,1
9152,4
9153,0
9154,8
9155,2
9156,3
9157,0
9158,3
9159,6
9160,0
9161,2
9162,1
9163,0
9164,4
9165,7
9166,0
9167,9
9168,7
9169,3
9170,0
9171,0
9172,0
9173,0
9174,5
9175,0
9176,1
9177,1
9178,2
9179,7
9180,3
9181,7
9182,7
9183,1
9184,6
9185,1
9186,9
9187,3
9188,6
9189,6
9190,8
9191,4
9192,2
9193,9
9194,1
9195,9
9196,5
9197,2
9198,4
9199,3
9200,5
9201,4
9202,6
9203,6
9204,7
9205,8
9206,6
9207,5
9208,5
9209,9
9210,5
9211,6
9212,3
9213,2
9214,3
9215,7
9216,0
9217,2
9218,6
9219,7
9220,3
9221,5
9222,4
9223,4
9224,8
9225,8
9226,3
9227,5
9228,7
9229,2
9230,8
9231,7
9232,6
9233,9
9234,2
9235,4
9236,2
9237,8
9238,8
9239,2
9240,0
9241,1
9242,4
9243,7
9244,6
9245,6
9246,7
9247,9
9248,9
9249,9
9250,8
9251,4
9252,6
9253,6
9254,6
9255,0
9256,0
9257,0
9258,6
9259,0
9260,5
9261,0
9262,8
9263,4
9264,5
9265,8
9266,1
9267,0
9268,3
9269,1
9270,1
9271,0
9272,0
9273,4
9274,2
9275,3
9276,1
9277,9
9278,5
9279,5
9280,6
9281,0
9282,5
9283,1
9284,5
9285,6
9286,6
9287,0
9288,1
9289,9
9290,2
9291,7
9292,4
9293,1
9294,2
9295,8
9296,5
9297,4
9298,6
9299,3
9300,8
9301,2
9302,8
9303,8
9304,1
9305,7
9306,9
9307,7
9308,3
9309,5
9310,6
9311,2
9312,2
9313,6
9314,8
9315,0
9316,2
9317,8
9318,5
9319,6
9320,9
9321,1
9322,9
9323,9
9324,2
9325,4
9326,1
9327,3
9328,9
9329,2
9330,8
9331,9
9332,2
9333,3
9334,1
9335,2
9336,8
9337,3
9338,3
9339,9
9340,2
9341,3
9342,6
9343,9
9344,2
9345,7
9346,5
9347,1
9348,1
9349,6
9350,2
9351,0
9352,9
9353,0
9354,0
9355,9
9356,0
9357,1
9358,4
9359,9
9360,6
9361,1
9362,4
9363,8
9364,3
9365,0
9366,5
9367,7
9368,7
9369,6
9370,9
9371,0
9372,2
9373,6
9374,4
9375,2
9376,4
9377,7
9378,6
9379,8
9380,2
9381,6
9382,5
9383,6
9384,4
9385,6
9386,4
9387,9
9388,1
9389,5
9390,3
9391,3
9392,9
9393,7
9394,2
9395,7
9396,4
9397,4
9398,5
9399,3
9400,6
9401,8
9402,0
9403,0
9404,8
9405,7
9406,3
9407,8
9408,2
9409,7
9410,4
9411,4
9412,6
9413,1
9414,4
9415,4
9416,2
9417,8
9418,4
9419,7
9420,4
9421,5
9422,2
9423,1
9424,7
9425,9
9426,4
9427,3
9428,6
9429,1
9430,8
9431,8
9432,0
9433,7
9434,2
9435,1
9436,5
9437,4
9438,0
9439,4
9440,5
9441,4
9442,9
9443,4
9444,6
9445,2
9446,5
9447,2
9448,2
9449,3
9450,8
9451,1
9452,5
9453,7
9454,9
9455,0
9456,6
9457,0
9458,4
9459,7
9460,1
9461,8
9462,3
9463,4
9464,5
9465,3
9466,5
9467,4
9468,1
9469,0
9470,6
9471,2
9472,1
9473,3
9474,0
9475,5
9476,6
9477,7
9478,9
9479,8
9480,1
9481,0
9482,3
9483,2
9484,6
9485,5
9486,1
9487,9
9488,9
9489,5
9490,1
9491,8
9492,9
9493,7
9494,6
9495,4
9496,2
9497,4
9498,5
9499,1
9500,7
9501,7
9502,1
9503,9
9504,3
9505,9
9506,4
9507,8
9508,8
9509,0
9510,4
9511,2
9512,1
9513,3
9514,0
9515,3
9516,3
9517,4
9518,5
9519,8
9520,2
9521,3
9522,1
9523,0
9524,6
9525,1
9526,1
9527,5
9528,1
9529,9
9530,3
9531,7
9532,1
9533,0
9534,1
9535,6
9536,1
9537,2
9538,0
9539,7
9540,2
9541,9
9542,3
9543,3
9544,4
9545,9
9546,9
9547,4
9548,9
9549,6
9550,9
9551,3
9552,4
9553,3
9554,8
9555,9
9556,4
9557,0
9558,3
9559,4
9560,0
9561,1
9562,7
9563,9
9564,6
9565,5
9566,3
9567,9
9568,0
9569,0
9570,1
9571,4
9572,0
9573,2
9574,2
9575,8
9576,6
9577,8
9578,3
9579,7
9580,0
9581,7
9582,1
9583,6
9584,7
9585,1
9586,5
9587,1
9588,4
9589,5
9590,8
9591,6
9592,5
9593,7
9594,3
9595,4
9596,4
9597,5
9598,6
9599,6
9600,6
9601,0
9602,7
9603,7
9604,4
9605,1
9606,9
9607,7
9608,2
9609,1
9610,8
9611,0
9612,1
9613,9
9614,7
9615,0
9616,1
9617,3
9618,8
9619,1
9620,6
9621,7
9622,8
9623,8
9624,1
9625,6
9626,2
9627,0
9628,9
9629,1
9630,2
9631,7
9632,7
9633,7
9634,7
9635,5
9636,6
9637,0
9638,0
9639,8
9640,0
9641,4
9642,0
9643,9
9644,5
9645,5
9646,7
9647,7
9648,7
9649,6
9650,7
9651,3
9652,7
9653,9
9654,4
9655,3
9656,1
9657,9
9658,6
9659,2
9660,1
9661,3
9662,1
9663,6
9664,3
9665,8
9666,0
9667,3
9668,7
9669,1
9670,1
9671,3
9672,6
9673,8
9674,9
9675,3
9676,7
9677,3
9678,5
9679,2
9680,5
9681,8
9682,7
9683,0
9684,0
9685,5
9686,1
9687,8
9688,8
9689,5
9690,8
9691,6
9692,1
9693,2
9694,2
9695,0
9696,9
9697,1
9698,9
9699,6
9700,9
9701,1
9702,0
9703,2
9704,4
9705,4
9706,1
9707,8
9708,0
9709,6
9710,6
9711,0
9712,3
9713,8
9714,6
9715,6
9716,8
9717,5
9718,3
9719,4
9720,9
9721,2
9722,6
9723,0
9724,3
9725,6
9726,0
9727,4
9728,3
9729,7
9730,1
9731,3
9732,6
9733,4
9734,4
9735,7
9736,7
9737,4
9738,3
9739,7
9740,1
9741,7
9742,4
9743,3
9744,0
9745,9
9746,3
9747,5
9748,0
9749,1
9750,9
9751,3
9752,5
9753,1
9754,9
9755,1
9756,5
9757,2
9758,1
9759,5
9760,1
9761,3
9762,0
9763,1
9764,3
9765,6
9766,6
9767,3
9768,3
9769,2
9770,3
9771,9
9772,0
9773,2
9774,0
9775,0
9776,9
9777,3
9778,1
9779,6
9780,8
9781,3
9782,3
9783,6
9784,7
9785,3
9786,3
9787,0
9788,8
9789,7
9790,2
9791,0
9792,5
9793,3
9794,3
9795,6
9796,7
9797,1
9798,4
9799,4
9800,6
9801,0
9802,4
9803,7
9804,3
9805,3
9806,6
9807,5
9808,2
9809,4
9810,4
9811,8
9812,9
9813,1
9814,1
9815,7
9816,7
9817,3
9818,8
9819,6
9820,2
9821,1
9822,7
9823,9
9824,4
9825,7
9826,8
9827,1
9828,0
9829,6
9830,3
9831,2
9832,1
9833,9
9834,4
9835,0
9836,6
9837,5
9838,0
9839,4
9840,6
9841,8
9842,8
9843,2
9844,4
9845,8
9846,7
9847,3
9848,2
9849,6
9850,9
9851,7
9852,1
9853,1
9854,0
9855,1
9856,2
9857,7
9858,4
9859,3
9860,9
9861,3
9862,1
9863,1
9864,9
9865,3
9866,5
9867,1
9868,7
9869,3
9870,6
9871,2
9872,4
9873,4
9874,6
9875,4
9876,3
9877,0
9878,8
9879,1
9880,4
9881,1
9882,3
9883,1
9884,7
9885,0
9886,2
9887,0
9888,3
9889,8
9890,1
9891,2
9892,6
9893,2
9894,2
9895,3
9896,3
9897,1
9898,4
9899,0
9900,1
9901,4
9902,9
9903,2
9904,8
9905,1
9906,5
9907,5
9908,5
9909,7
9910,8
9911,6
9912,1
9913,5
9914,6
9915,7
9916,8
9917,8
9918,2
9919,3
9920,8
9921,3
9922,6
9923,7
9924,1
9925,4
9926,5
9927,1
9928,6
9929,5
9930,8
9931,0
9932,2
9933,1
9934,1
9935,7
9936,3
9937,1
9938,2
9939,1
9940,1
9941,4
9942,5
9943,8
9944,4
9945,9
9946,7
9947,9
9948,4
9949,8
9950,7
9951,4
9952,1
9953,1
9954,4
9955,1
9956,3
9957,4
9958,7
9959,2
9960,9
9961,1
9962,8
9963,9
9964,2
9965,8
9966,2
9967,4
9968,6
9969,0
9970,9
9971,2
9972,3
9973,4
9974,4
9975,3
9976,9
9977,2
9978,4
9979,4
9980,4
9981,7
9982,2
9983,8
9984,7
9985,3
9986,3
9987,0
9988,5
9989,0
9990,5
9991,3
9992,1
9993,9
9994,6
9995,4
9996,0
9997,1
9998,7
9999,6
10000,9
